edge_id:int64,source_id:int64,target_id:int64,label_id:int,graph_id:int
2,0,2,49,0
1,1,0,125,0
2,0,2,48,1
1,1,0,125,1
2,0,2,48,2
1,1,0,49,2
2,0,2,49,3
1,1,0,52,3
2,0,2,48,4
1,1,0,50,4
2,0,2,49,5
1,1,0,51,5
2,0,2,48,6
1,1,0,51,6
2,0,2,48,7
1,1,0,52,7
1,1,0,49,8
2,2,1,50,8
1,1,0,49,9
2,2,1,50,9
1,1,0,49,10
2,2,1,50,10
1,1,0,49,11
2,2,1,50,11
1,1,0,49,12
2,2,1,50,12
1,1,0,49,13
2,2,1,50,13
1,1,0,49,14
2,2,1,50,14
1,1,0,49,15
2,2,1,50,15
1,1,0,49,16
2,2,1,50,16
1,1,0,49,17
2,2,1,50,17
1,1,0,49,18
2,2,1,50,18
2,0,2,49,19
1,1,0,52,19
3,2,3,48,19
2,0,2,49,20
1,1,0,52,20
3,1,3,125,20
3,0,3,48,21
1,1,0,49,21
2,2,0,49,21
3,0,3,48,22
1,1,0,49,22
2,1,2,50,22
2,0,2,49,23
3,0,3,51,23
1,1,0,52,23
3,0,3,49,24
1,1,0,50,24
2,2,0,50,24
2,0,2,48,25
3,0,3,49,25
1,1,0,51,25
3,0,3,49,26
1,1,0,52,26
2,1,2,49,26
3,0,3,49,27
1,1,0,51,27
2,1,2,49,27
3,0,3,48,28
1,1,0,50,28
2,2,0,50,28
3,0,3,49,29
1,1,0,51,29
2,1,2,48,29
2,0,2,49,30
1,1,0,52,30
3,1,3,48,30
3,0,3,49,31
1,1,0,51,31
2,2,0,51,31
2,0,2,49,32
3,0,3,48,32
1,1,0,52,32
2,0,2,49,33
1,1,0,52,33
3,3,2,49,33
3,0,3,49,34
1,1,0,52,34
2,2,0,52,34
3,0,3,49,35
1,1,0,51,35
2,1,2,50,35
2,0,2,49,36
1,1,0,52,36
3,1,3,50,36
2,0,2,49,37
1,1,0,52,37
3,1,3,51,37
1,1,0,49,38
2,1,2,50,38
3,3,1,50,38
1,1,0,49,39
2,1,2,50,39
3,3,1,50,39
1,1,0,49,40
2,1,2,50,40
3,3,1,50,40
1,1,0,49,41
2,1,2,50,41
3,3,1,50,41
1,1,0,49,42
2,1,2,50,42
3,3,1,50,42
1,1,0,49,43
2,1,2,50,43
3,3,1,50,43
1,1,0,49,44
2,1,2,50,44
3,3,1,50,44
1,1,0,49,45
2,1,2,50,45
3,3,1,50,45
1,1,0,49,46
2,1,2,50,46
3,3,1,50,46
1,1,0,49,47
2,1,2,49,47
3,3,1,52,47
1,1,0,49,48
2,1,2,49,48
3,3,1,52,48
1,1,0,49,49
2,1,2,49,49
3,3,1,52,49
1,1,0,49,50
2,1,2,49,50
3,3,1,52,50
1,1,0,49,51
2,1,2,49,51
3,3,1,52,51
1,1,0,49,52
2,1,2,49,52
3,3,1,52,52
1,1,0,49,53
2,1,2,49,53
3,3,1,52,53
1,1,0,49,54
2,1,2,49,54
3,3,1,52,54
1,1,0,49,55
2,1,2,49,55
3,3,1,52,55
1,1,0,49,56
2,1,2,49,56
3,3,1,52,56
1,1,0,49,57
2,1,2,49,57
3,3,1,52,57
1,1,0,48,58
2,1,2,48,58
3,3,1,49,58
1,1,0,48,59
2,1,2,48,59
3,3,1,49,59
1,1,0,48,60
2,1,2,48,60
3,3,1,49,60
1,1,0,48,61
2,1,2,48,61
3,3,1,49,61
1,1,0,48,62
2,1,2,48,62
3,3,1,49,62
1,1,0,48,63
2,1,2,48,63
3,3,1,49,63
1,1,0,48,64
2,1,2,48,64
3,3,1,49,64
1,1,0,48,65
2,1,2,48,65
3,3,1,49,65
1,1,0,49,66
2,1,2,49,66
3,3,1,51,66
1,1,0,49,67
2,1,2,49,67
3,3,1,51,67
1,1,0,49,68
2,1,2,49,68
3,3,1,51,68
1,1,0,49,69
2,1,2,49,69
3,3,1,51,69
1,1,0,49,70
2,1,2,49,70
3,3,1,51,70
1,1,0,49,71
2,1,2,49,71
3,3,1,51,71
1,1,0,49,72
2,1,2,49,72
3,3,1,51,72
1,1,0,49,73
2,1,2,49,73
3,3,1,51,73
1,1,0,49,74
2,1,2,49,74
3,3,1,51,74
1,1,0,49,75
2,1,2,49,75
3,3,1,51,75
1,1,0,49,76
2,1,2,49,76
3,3,1,51,76
1,1,0,49,77
2,2,1,50,77
3,2,3,125,77
1,1,0,49,78
2,2,1,50,78
3,2,3,125,78
1,1,0,49,79
2,2,1,50,79
3,2,3,125,79
1,1,0,49,80
2,2,1,50,80
3,2,3,125,80
1,1,0,49,81
2,2,1,50,81
3,2,3,125,81
1,1,0,49,82
2,2,1,50,82
3,2,3,125,82
1,1,0,49,83
2,2,1,50,83
3,2,3,125,83
1,1,0,49,84
2,2,1,50,84
3,2,3,125,84
1,1,0,49,85
2,2,1,50,85
3,2,3,125,85
1,1,0,49,86
2,2,1,50,86
3,2,3,125,86
1,1,0,49,87
2,2,1,50,87
3,2,3,125,87
2,0,2,48,88
1,1,0,49,88
3,3,1,51,88
2,0,2,48,89
1,1,0,49,89
3,3,1,51,89
2,0,2,48,90
1,1,0,49,90
3,3,1,51,90
2,0,2,48,91
1,1,0,49,91
3,3,1,51,91
2,0,2,48,92
1,1,0,49,92
3,3,1,51,92
2,0,2,48,93
1,1,0,49,93
3,3,1,51,93
2,0,2,48,94
1,1,0,49,94
3,3,1,51,94
2,0,2,48,95
1,1,0,49,95
3,3,1,51,95
2,0,2,48,96
1,1,0,49,96
3,3,1,51,96
2,0,2,48,97
1,1,0,49,97
3,3,1,51,97
2,0,2,48,98
1,1,0,49,98
3,3,1,51,98
1,1,0,50,99
3,1,3,48,99
2,2,1,50,99
1,1,0,50,100
3,1,3,48,100
2,2,1,50,100
1,1,0,50,101
3,1,3,48,101
2,2,1,50,101
1,1,0,50,102
3,1,3,48,102
2,2,1,50,102
1,1,0,50,103
3,1,3,48,103
2,2,1,50,103
1,1,0,50,104
3,1,3,48,104
2,2,1,50,104
1,1,0,50,105
3,1,3,48,105
2,2,1,50,105
1,1,0,50,106
3,1,3,48,106
2,2,1,50,106
1,1,0,50,107
3,1,3,48,107
2,2,1,50,107
1,1,0,50,108
3,1,3,48,108
2,2,1,50,108
3,0,3,48,109
1,1,0,49,109
2,2,1,50,109
3,0,3,48,110
1,1,0,49,110
2,2,1,50,110
3,0,3,48,111
1,1,0,49,111
2,2,1,50,111
3,0,3,48,112
1,1,0,49,112
2,2,1,50,112
3,0,3,48,113
1,1,0,49,113
2,2,1,50,113
3,0,3,48,114
1,1,0,49,114
2,2,1,50,114
3,0,3,48,115
1,1,0,49,115
2,2,1,50,115
3,0,3,48,116
1,1,0,49,116
2,2,1,50,116
3,0,3,48,117
1,1,0,49,117
2,2,1,50,117
1,1,0,50,118
2,1,2,50,118
3,2,3,48,118
1,1,0,50,119
2,1,2,50,119
3,2,3,48,119
1,1,0,50,120
2,1,2,50,120
3,2,3,48,120
1,1,0,50,121
2,1,2,50,121
3,2,3,48,121
1,1,0,50,122
2,1,2,50,122
3,2,3,48,122
1,1,0,50,123
2,1,2,50,123
3,2,3,48,123
1,1,0,50,124
2,1,2,50,124
3,2,3,48,124
1,1,0,50,125
2,1,2,50,125
3,2,3,48,125
1,1,0,50,126
2,1,2,50,126
3,2,3,48,126
1,1,0,50,127
2,1,2,50,127
3,2,3,48,127
1,1,0,50,128
2,1,2,50,128
3,2,3,48,128
1,1,0,52,129
2,1,2,49,129
3,2,3,48,129
1,1,0,52,130
2,1,2,49,130
3,2,3,48,130
1,1,0,52,131
2,1,2,49,131
3,2,3,48,131
1,1,0,52,132
2,1,2,49,132
3,2,3,48,132
1,1,0,52,133
2,1,2,49,133
3,2,3,48,133
1,1,0,52,134
2,1,2,49,134
3,2,3,48,134
1,1,0,52,135
2,1,2,49,135
3,2,3,48,135
1,1,0,52,136
2,1,2,49,136
3,2,3,48,136
1,1,0,52,137
2,1,2,49,137
3,2,3,48,137
1,1,0,52,138
2,1,2,49,138
3,2,3,48,138
1,1,0,49,139
2,1,2,49,139
3,3,1,50,139
1,1,0,49,140
2,1,2,49,140
3,3,1,50,140
1,1,0,49,141
2,1,2,49,141
3,3,1,50,141
1,1,0,49,142
2,1,2,49,142
3,3,1,50,142
1,1,0,49,143
2,1,2,49,143
3,3,1,50,143
1,1,0,49,144
2,1,2,49,144
3,3,1,50,144
1,1,0,49,145
2,1,2,49,145
3,3,1,50,145
1,1,0,49,146
2,1,2,49,146
3,3,1,50,146
1,1,0,49,147
2,1,2,49,147
3,3,1,50,147
1,1,0,49,148
2,1,2,49,148
3,3,1,50,148
1,1,0,51,149
2,1,2,49,149
3,2,3,48,149
1,1,0,51,150
2,1,2,49,150
3,2,3,48,150
1,1,0,51,151
2,1,2,49,151
3,2,3,48,151
1,1,0,51,152
2,1,2,49,152
3,2,3,48,152
1,1,0,51,153
2,1,2,49,153
3,2,3,48,153
1,1,0,51,154
2,1,2,49,154
3,2,3,48,154
1,1,0,51,155
2,1,2,49,155
3,2,3,48,155
1,1,0,51,156
2,1,2,49,156
3,2,3,48,156
1,1,0,51,157
2,1,2,49,157
3,2,3,48,157
1,1,0,51,158
2,1,2,49,158
3,2,3,48,158
1,1,0,125,159
2,1,2,51,159
3,2,3,49,159
1,1,0,125,160
2,1,2,51,160
3,2,3,49,160
1,1,0,125,161
2,1,2,51,161
3,2,3,49,161
1,1,0,125,162
2,1,2,51,162
3,2,3,49,162
1,1,0,125,163
2,1,2,51,163
3,2,3,49,163
1,1,0,125,164
2,1,2,51,164
3,2,3,49,164
1,1,0,125,165
2,1,2,51,165
3,2,3,49,165
1,1,0,125,166
2,1,2,51,166
3,2,3,49,166
1,1,0,125,167
2,1,2,51,167
3,2,3,49,167
1,1,0,125,168
2,1,2,51,168
3,2,3,49,168
1,1,0,125,169
2,1,2,51,169
3,2,3,49,169
1,1,0,49,170
2,2,1,50,170
3,2,3,52,170
1,1,0,49,171
2,2,1,50,171
3,2,3,52,171
1,1,0,49,172
2,2,1,50,172
3,2,3,52,172
1,1,0,49,173
2,2,1,50,173
3,2,3,52,173
1,1,0,49,174
2,2,1,50,174
3,2,3,52,174
1,1,0,49,175
2,2,1,50,175
3,2,3,52,175
1,1,0,49,176
2,2,1,50,176
3,2,3,52,176
1,1,0,49,177
2,2,1,50,177
3,2,3,52,177
1,1,0,49,178
2,2,1,50,178
3,2,3,52,178
1,1,0,49,179
2,2,1,50,179
3,2,3,52,179
1,1,0,49,180
2,2,1,50,180
3,2,3,52,180
1,1,0,125,181
2,1,2,50,181
3,2,3,48,181
1,1,0,125,182
2,1,2,50,182
3,2,3,48,182
1,1,0,125,183
2,1,2,50,183
3,2,3,48,183
1,1,0,125,184
2,1,2,50,184
3,2,3,48,184
1,1,0,125,185
2,1,2,50,185
3,2,3,48,185
1,1,0,125,186
2,1,2,50,186
3,2,3,48,186
1,1,0,125,187
2,1,2,50,187
3,2,3,48,187
1,1,0,125,188
2,1,2,50,188
3,2,3,48,188
1,1,0,125,189
2,1,2,50,189
3,2,3,48,189
1,1,0,125,190
2,1,2,50,190
3,2,3,48,190
1,1,0,125,191
2,1,2,50,191
3,2,3,48,191
1,1,0,48,192
2,2,0,48,192
3,3,2,49,192
1,1,0,48,193
2,2,0,48,193
3,3,2,49,193
1,1,0,48,194
2,2,0,48,194
3,3,2,49,194
1,1,0,48,195
2,2,0,48,195
3,3,2,49,195
1,1,0,48,196
2,2,0,48,196
3,3,2,49,196
1,1,0,48,197
2,2,0,48,197
3,3,2,49,197
1,1,0,48,198
2,2,0,48,198
3,3,2,49,198
1,1,0,48,199
2,2,0,48,199
3,3,2,49,199
1,1,0,48,200
2,2,0,48,200
3,3,2,49,200
1,1,0,48,201
2,2,0,48,201
3,3,2,49,201
1,1,0,49,202
2,2,1,50,202
3,2,3,51,202
1,1,0,49,203
2,2,1,50,203
3,2,3,51,203
1,1,0,49,204
2,2,1,50,204
3,2,3,51,204
1,1,0,49,205
2,2,1,50,205
3,2,3,51,205
1,1,0,49,206
2,2,1,50,206
3,2,3,51,206
1,1,0,49,207
2,2,1,50,207
3,2,3,51,207
1,1,0,49,208
2,2,1,50,208
3,2,3,51,208
1,1,0,49,209
2,2,1,50,209
3,2,3,51,209
1,1,0,49,210
2,2,1,50,210
3,2,3,51,210
1,1,0,49,211
2,2,1,50,211
3,2,3,51,211
1,1,0,49,212
2,2,1,50,212
3,2,3,51,212
1,1,0,49,213
2,1,2,50,213
3,2,3,49,213
1,1,0,49,214
2,1,2,50,214
3,2,3,49,214
1,1,0,49,215
2,1,2,50,215
3,2,3,49,215
1,1,0,49,216
2,1,2,50,216
3,2,3,49,216
1,1,0,49,217
2,1,2,50,217
3,2,3,49,217
1,1,0,49,218
2,1,2,50,218
3,2,3,49,218
1,1,0,49,219
2,1,2,50,219
3,2,3,49,219
1,1,0,49,220
2,1,2,50,220
3,2,3,49,220
1,1,0,49,221
2,1,2,50,221
3,2,3,49,221
1,1,0,49,222
2,1,2,50,222
3,2,3,49,222
1,1,0,49,223
2,1,2,50,223
3,2,3,48,223
1,1,0,49,224
2,1,2,50,224
3,2,3,48,224
1,1,0,49,225
2,1,2,50,225
3,2,3,48,225
1,1,0,49,226
2,1,2,50,226
3,2,3,48,226
1,1,0,49,227
2,1,2,50,227
3,2,3,48,227
1,1,0,49,228
2,1,2,50,228
3,2,3,48,228
1,1,0,49,229
2,1,2,50,229
3,2,3,48,229
1,1,0,49,230
2,1,2,50,230
3,2,3,48,230
1,1,0,49,231
2,1,2,50,231
3,2,3,48,231
1,1,0,49,232
2,1,2,50,232
3,2,3,48,232
1,1,0,49,233
2,1,2,50,233
3,2,3,48,233
1,1,0,49,234
2,2,1,50,234
3,2,3,48,234
1,1,0,49,235
2,2,1,50,235
3,2,3,48,235
1,1,0,49,236
2,2,1,50,236
3,2,3,48,236
1,1,0,49,237
2,2,1,50,237
3,2,3,48,237
1,1,0,49,238
2,2,1,50,238
3,2,3,48,238
1,1,0,49,239
2,2,1,50,239
3,2,3,48,239
1,1,0,49,240
2,2,1,50,240
3,2,3,48,240
1,1,0,49,241
2,2,1,50,241
3,2,3,48,241
1,1,0,49,242
2,2,1,50,242
3,2,3,48,242
1,1,0,49,243
2,2,1,50,243
3,2,3,48,243
1,1,0,49,244
2,2,1,50,244
3,2,3,48,244
1,1,0,52,245
2,1,2,51,245
3,2,3,49,245
1,1,0,52,246
2,1,2,51,246
3,2,3,49,246
1,1,0,52,247
2,1,2,51,247
3,2,3,49,247
1,1,0,52,248
2,1,2,51,248
3,2,3,49,248
1,1,0,52,249
2,1,2,51,249
3,2,3,49,249
1,1,0,52,250
2,1,2,51,250
3,2,3,49,250
1,1,0,52,251
2,1,2,51,251
3,2,3,49,251
1,1,0,52,252
2,1,2,51,252
3,2,3,49,252
1,1,0,52,253
2,1,2,51,253
3,2,3,49,253
1,1,0,52,254
2,1,2,51,254
3,2,3,49,254
1,1,0,52,255
2,1,2,51,255
3,2,3,49,255
1,1,0,49,256
2,2,1,50,256
3,3,0,49,256
1,1,0,49,257
2,2,1,50,257
3,3,0,49,257
1,1,0,49,258
2,2,1,50,258
3,3,0,49,258
1,1,0,49,259
2,2,1,50,259
3,3,0,49,259
1,1,0,49,260
2,2,1,50,260
3,3,0,49,260
1,1,0,49,261
2,2,1,50,261
3,3,0,49,261
1,1,0,49,262
2,2,1,50,262
3,3,0,49,262
1,1,0,49,263
2,2,1,50,263
3,3,0,49,263
1,1,0,49,264
2,2,1,50,264
3,3,0,49,264
1,1,0,49,265
2,2,1,50,265
3,3,0,49,265
1,1,0,49,266
2,2,1,50,266
3,3,0,49,266
1,1,0,52,267
2,1,2,50,267
3,2,3,48,267
1,1,0,52,268
2,1,2,50,268
3,2,3,48,268
1,1,0,52,269
2,1,2,50,269
3,2,3,48,269
1,1,0,52,270
2,1,2,50,270
3,2,3,48,270
1,1,0,52,271
2,1,2,50,271
3,2,3,48,271
1,1,0,52,272
2,1,2,50,272
3,2,3,48,272
1,1,0,52,273
2,1,2,50,273
3,2,3,48,273
1,1,0,52,274
2,1,2,50,274
3,2,3,48,274
1,1,0,52,275
2,1,2,50,275
3,2,3,48,275
1,1,0,52,276
2,1,2,50,276
3,2,3,48,276
1,1,0,52,277
2,1,2,50,277
3,2,3,48,277
1,1,0,51,278
2,1,2,50,278
3,2,3,48,278
1,1,0,51,279
2,1,2,50,279
3,2,3,48,279
1,1,0,51,280
2,1,2,50,280
3,2,3,48,280
1,1,0,51,281
2,1,2,50,281
3,2,3,48,281
1,1,0,51,282
2,1,2,50,282
3,2,3,48,282
1,1,0,51,283
2,1,2,50,283
3,2,3,48,283
1,1,0,51,284
2,1,2,50,284
3,2,3,48,284
1,1,0,51,285
2,1,2,50,285
3,2,3,48,285
1,1,0,51,286
2,1,2,50,286
3,2,3,48,286
1,1,0,51,287
2,1,2,50,287
3,2,3,48,287
1,1,0,51,288
2,1,2,50,288
3,2,3,48,288
1,1,0,49,289
2,1,2,50,289
3,3,1,51,289
1,1,0,49,290
2,1,2,50,290
3,3,1,51,290
1,1,0,49,291
2,1,2,50,291
3,3,1,51,291
1,1,0,49,292
2,1,2,50,292
3,3,1,51,292
1,1,0,49,293
2,1,2,50,293
3,3,1,51,293
1,1,0,49,294
2,1,2,50,294
3,3,1,51,294
1,1,0,49,295
2,1,2,50,295
3,3,1,51,295
1,1,0,49,296
2,1,2,50,296
3,3,1,51,296
1,1,0,49,297
2,1,2,50,297
3,3,1,51,297
1,1,0,49,298
2,1,2,50,298
3,3,1,51,298
1,1,0,49,299
2,1,2,50,299
3,3,1,51,299
1,1,0,49,300
3,1,3,48,300
2,2,1,50,300
1,1,0,49,301
3,1,3,48,301
2,2,1,50,301
1,1,0,49,302
3,1,3,48,302
2,2,1,50,302
1,1,0,49,303
3,1,3,48,303
2,2,1,50,303
1,1,0,49,304
3,1,3,48,304
2,2,1,50,304
1,1,0,49,305
3,1,3,48,305
2,2,1,50,305
1,1,0,49,306
3,1,3,48,306
2,2,1,50,306
1,1,0,49,307
3,1,3,48,307
2,2,1,50,307
1,1,0,49,308
3,1,3,48,308
2,2,1,50,308
1,1,0,49,309
3,1,3,48,309
2,2,1,50,309
1,1,0,49,310
3,1,3,48,310
2,2,1,50,310
1,1,0,49,311
3,1,3,48,311
2,2,1,50,311
1,1,0,49,312
3,1,3,48,312
2,2,1,50,312
1,1,0,49,313
3,1,3,48,313
2,2,1,50,313
1,1,0,49,314
3,1,3,48,314
2,2,1,50,314
1,1,0,49,315
3,1,3,48,315
2,2,1,50,315
1,1,0,49,316
3,1,3,48,316
2,2,1,50,316
1,1,0,49,317
3,1,3,48,317
2,2,1,50,317
1,1,0,49,318
3,1,3,48,318
2,2,1,50,318
1,1,0,49,319
3,1,3,48,319
2,2,1,50,319
1,1,0,49,320
2,2,0,49,320
3,3,2,51,320
1,1,0,49,321
2,2,0,49,321
3,3,2,51,321
1,1,0,49,322
2,2,0,49,322
3,3,2,51,322
1,1,0,49,323
2,2,0,49,323
3,3,2,51,323
1,1,0,49,324
2,2,0,49,324
3,3,2,51,324
1,1,0,49,325
2,2,0,49,325
3,3,2,51,325
1,1,0,49,326
2,2,0,49,326
3,3,2,51,326
1,1,0,49,327
2,2,0,49,327
3,3,2,51,327
1,1,0,49,328
2,2,0,49,328
3,3,2,51,328
1,1,0,49,329
2,2,0,49,329
3,3,2,51,329
1,1,0,49,330
2,2,0,49,330
3,3,2,51,330
1,1,0,48,331
2,2,0,48,331
3,3,2,50,331
1,1,0,48,332
2,2,0,48,332
3,3,2,50,332
1,1,0,48,333
2,2,0,48,333
3,3,2,50,333
1,1,0,48,334
2,2,0,48,334
3,3,2,50,334
1,1,0,48,335
2,2,0,48,335
3,3,2,50,335
1,1,0,48,336
2,2,0,48,336
3,3,2,50,336
1,1,0,48,337
2,2,0,48,337
3,3,2,50,337
1,1,0,48,338
2,2,0,48,338
3,3,2,50,338
1,1,0,48,339
2,2,0,48,339
3,3,2,50,339
1,1,0,48,340
2,2,0,48,340
3,3,2,50,340
1,1,0,48,341
2,2,0,48,341
3,3,2,50,341
1,1,0,49,342
2,1,2,50,342
3,3,1,52,342
1,1,0,49,343
2,1,2,50,343
3,3,1,52,343
1,1,0,49,344
2,1,2,50,344
3,3,1,52,344
1,1,0,49,345
2,1,2,50,345
3,3,1,52,345
1,1,0,49,346
2,1,2,50,346
3,3,1,52,346
1,1,0,49,347
2,1,2,50,347
3,3,1,52,347
1,1,0,49,348
2,1,2,50,348
3,3,1,52,348
1,1,0,49,349
2,1,2,50,349
3,3,1,52,349
1,1,0,49,350
2,1,2,50,350
3,3,1,52,350
1,1,0,49,351
2,1,2,50,351
3,3,1,52,351
1,1,0,49,352
2,1,2,50,352
3,3,1,52,352
3,0,3,49,353
4,0,4,49,353
1,1,0,52,353
2,2,0,52,353
3,0,3,49,354
1,1,0,51,354
2,2,0,51,354
4,4,2,51,354
2,0,2,49,355
4,0,4,51,355
1,1,0,52,355
3,2,3,48,355
2,0,2,49,356
1,1,0,52,356
3,2,3,48,356
4,4,0,52,356
3,0,3,48,357
4,0,4,50,357
1,1,0,50,357
2,2,0,50,357
2,0,2,49,358
4,0,4,49,358
1,1,0,52,358
3,1,3,51,358
3,0,3,49,359
1,1,0,51,359
2,2,0,51,359
4,3,4,48,359
3,0,3,49,360
1,1,0,51,360
2,1,2,50,360
4,1,4,50,360
4,0,4,49,361
1,1,0,50,361
2,2,0,50,361
3,3,0,50,361
3,0,3,48,362
4,0,4,48,362
1,1,0,49,362
2,2,0,49,362
2,0,2,49,363
3,0,3,51,363
4,0,4,48,363
1,1,0,52,363
3,0,3,49,364
1,1,0,51,364
2,1,2,48,364
4,1,4,52,364
2,0,2,49,365
1,1,0,52,365
3,3,2,49,365
4,4,0,52,365
3,0,3,48,366
1,1,0,50,366
2,2,0,50,366
4,4,0,50,366
3,0,3,48,367
1,1,0,49,367
2,2,0,49,367
4,4,2,49,367
3,0,3,49,368
1,1,0,51,368
2,1,2,48,368
4,1,4,49,368
2,0,2,49,369
4,0,4,51,369
1,1,0,52,369
3,1,3,51,369
3,0,3,49,370
1,1,0,52,370
2,2,0,52,370
4,2,4,49,370
2,0,2,49,371
4,0,4,48,371
1,1,0,52,371
3,1,3,51,371
2,0,2,49,372
1,1,0,52,372
3,1,3,48,372
4,1,4,49,372
3,0,3,48,373
1,1,0,50,373
2,2,0,50,373
4,4,3,48,373
3,0,3,49,374
1,1,0,51,374
2,1,2,50,374
4,1,4,52,374
2,0,2,49,375
4,0,4,48,375
1,1,0,52,375
3,1,3,50,375
2,0,2,49,376
1,1,0,52,376
3,1,3,51,376
4,1,4,48,376
3,0,3,48,377
4,0,4,49,377
1,1,0,50,377
2,2,0,50,377
3,0,3,48,378
4,0,4,49,378
1,1,0,50,378
2,2,0,50,378
2,0,2,49,379
1,1,0,52,379
3,1,3,51,379
4,1,4,50,379
3,0,3,49,380
1,1,0,51,380
2,2,0,51,380
4,2,4,49,380
3,0,3,49,381
1,1,0,51,381
2,2,0,51,381
4,2,4,49,381
1,1,0,48,382
2,1,2,48,382
3,3,1,49,382
4,3,4,52,382
1,1,0,48,383
2,1,2,48,383
3,3,1,49,383
4,3,4,52,383
1,1,0,48,384
2,1,2,48,384
3,3,1,49,384
4,3,4,52,384
1,1,0,48,385
2,1,2,48,385
3,3,1,49,385
4,3,4,52,385
1,1,0,48,386
2,1,2,48,386
3,3,1,49,386
4,3,4,52,386
1,1,0,48,387
2,1,2,48,387
3,3,1,49,387
4,3,4,52,387
1,1,0,48,388
2,1,2,48,388
3,3,1,49,388
4,3,4,52,388
1,1,0,49,389
2,1,2,50,389
3,3,1,50,389
4,4,1,50,389
1,1,0,49,390
2,1,2,50,390
3,3,1,50,390
4,4,1,50,390
1,1,0,49,391
2,1,2,50,391
3,3,1,50,391
4,4,1,50,391
1,1,0,49,392
2,1,2,50,392
3,3,1,50,392
4,4,1,50,392
1,1,0,49,393
2,1,2,50,393
3,3,1,50,393
4,4,1,50,393
1,1,0,49,394
2,1,2,50,394
3,3,1,50,394
4,4,1,50,394
1,1,0,49,395
2,1,2,50,395
3,3,1,50,395
4,4,1,50,395
1,1,0,49,396
2,1,2,50,396
3,3,1,50,396
4,4,1,50,396
1,1,0,49,397
2,1,2,50,397
3,3,1,50,397
4,4,1,50,397
1,1,0,48,398
2,1,2,48,398
3,3,1,49,398
4,4,3,51,398
1,1,0,48,399
2,1,2,48,399
3,3,1,49,399
4,4,3,51,399
1,1,0,48,400
2,1,2,48,400
3,3,1,49,400
4,4,3,51,400
1,1,0,48,401
2,1,2,48,401
3,3,1,49,401
4,4,3,51,401
1,1,0,48,402
2,1,2,48,402
3,3,1,49,402
4,4,3,51,402
1,1,0,48,403
2,1,2,48,403
3,3,1,49,403
4,4,3,51,403
1,1,0,48,404
2,1,2,48,404
3,3,1,49,404
4,4,3,51,404
1,1,0,48,405
2,1,2,48,405
3,3,1,49,405
4,4,3,51,405
1,1,0,48,406
2,1,2,48,406
3,3,1,49,406
4,4,3,51,406
1,1,0,48,407
2,1,2,48,407
3,3,1,49,407
4,4,3,51,407
1,1,0,48,408
2,1,2,48,408
3,3,1,49,408
4,4,3,51,408
1,1,0,51,409
2,1,2,50,409
3,2,3,48,409
4,2,4,50,409
1,1,0,51,410
2,1,2,50,410
3,2,3,48,410
4,2,4,50,410
1,1,0,51,411
2,1,2,50,411
3,2,3,48,411
4,2,4,50,411
1,1,0,51,412
2,1,2,50,412
3,2,3,48,412
4,2,4,50,412
1,1,0,51,413
2,1,2,50,413
3,2,3,48,413
4,2,4,50,413
1,1,0,51,414
2,1,2,50,414
3,2,3,48,414
4,2,4,50,414
1,1,0,51,415
2,1,2,50,415
3,2,3,48,415
4,2,4,50,415
1,1,0,51,416
2,1,2,50,416
3,2,3,48,416
4,2,4,50,416
1,1,0,51,417
2,1,2,50,417
3,2,3,48,417
4,2,4,50,417
3,0,3,48,418
4,0,4,48,418
1,1,0,49,418
2,2,1,50,418
3,0,3,48,419
4,0,4,48,419
1,1,0,49,419
2,2,1,50,419
3,0,3,48,420
4,0,4,48,420
1,1,0,49,420
2,2,1,50,420
3,0,3,48,421
4,0,4,48,421
1,1,0,49,421
2,2,1,50,421
3,0,3,48,422
4,0,4,48,422
1,1,0,49,422
2,2,1,50,422
3,0,3,48,423
4,0,4,48,423
1,1,0,49,423
2,2,1,50,423
3,0,3,48,424
4,0,4,48,424
1,1,0,49,424
2,2,1,50,424
3,0,3,48,425
4,0,4,48,425
1,1,0,49,425
2,2,1,50,425
3,0,3,48,426
4,0,4,48,426
1,1,0,49,426
2,2,1,50,426
1,1,0,49,427
2,1,2,49,427
3,3,1,52,427
4,3,4,48,427
1,1,0,49,428
2,1,2,49,428
3,3,1,52,428
4,3,4,48,428
1,1,0,49,429
2,1,2,49,429
3,3,1,52,429
4,3,4,48,429
1,1,0,49,430
2,1,2,49,430
3,3,1,52,430
4,3,4,48,430
1,1,0,49,431
2,1,2,49,431
3,3,1,52,431
4,3,4,48,431
1,1,0,49,432
2,1,2,49,432
3,3,1,52,432
4,3,4,48,432
1,1,0,49,433
2,1,2,49,433
3,3,1,52,433
4,3,4,48,433
1,1,0,49,434
2,1,2,49,434
3,3,1,52,434
4,3,4,48,434
1,1,0,49,435
2,1,2,49,435
3,3,1,52,435
4,3,4,48,435
1,1,0,49,436
2,1,2,49,436
3,3,1,52,436
4,3,4,48,436
1,1,0,49,437
2,1,2,49,437
3,3,1,52,437
4,3,4,48,437
1,1,0,48,438
2,1,2,48,438
3,3,1,49,438
4,3,4,51,438
1,1,0,48,439
2,1,2,48,439
3,3,1,49,439
4,3,4,51,439
1,1,0,48,440
2,1,2,48,440
3,3,1,49,440
4,3,4,51,440
1,1,0,48,441
2,1,2,48,441
3,3,1,49,441
4,3,4,51,441
1,1,0,48,442
2,1,2,48,442
3,3,1,49,442
4,3,4,51,442
1,1,0,48,443
2,1,2,48,443
3,3,1,49,443
4,3,4,51,443
1,1,0,48,444
2,1,2,48,444
3,3,1,49,444
4,3,4,51,444
1,1,0,48,445
2,1,2,48,445
3,3,1,49,445
4,3,4,51,445
1,1,0,49,446
4,1,4,50,446
2,2,1,50,446
3,2,3,48,446
1,1,0,49,447
4,1,4,50,447
2,2,1,50,447
3,2,3,48,447
1,1,0,49,448
4,1,4,50,448
2,2,1,50,448
3,2,3,48,448
1,1,0,49,449
4,1,4,50,449
2,2,1,50,449
3,2,3,48,449
1,1,0,49,450
4,1,4,50,450
2,2,1,50,450
3,2,3,48,450
1,1,0,49,451
4,1,4,50,451
2,2,1,50,451
3,2,3,48,451
1,1,0,49,452
4,1,4,50,452
2,2,1,50,452
3,2,3,48,452
1,1,0,49,453
4,1,4,50,453
2,2,1,50,453
3,2,3,48,453
1,1,0,49,454
4,1,4,50,454
2,2,1,50,454
3,2,3,48,454
1,1,0,49,455
2,1,2,49,455
3,3,1,52,455
4,3,4,50,455
1,1,0,49,456
2,1,2,49,456
3,3,1,52,456
4,3,4,50,456
1,1,0,49,457
2,1,2,49,457
3,3,1,52,457
4,3,4,50,457
1,1,0,49,458
2,1,2,49,458
3,3,1,52,458
4,3,4,50,458
1,1,0,49,459
2,1,2,49,459
3,3,1,52,459
4,3,4,50,459
1,1,0,49,460
2,1,2,49,460
3,3,1,52,460
4,3,4,50,460
1,1,0,49,461
2,1,2,49,461
3,3,1,52,461
4,3,4,50,461
1,1,0,49,462
2,1,2,49,462
3,3,1,52,462
4,3,4,50,462
1,1,0,49,463
2,1,2,49,463
3,3,1,52,463
4,3,4,50,463
1,1,0,49,464
2,1,2,49,464
3,3,1,52,464
4,3,4,50,464
1,1,0,49,465
2,1,2,49,465
3,3,1,52,465
4,3,4,50,465
1,1,0,49,466
2,1,2,49,466
3,3,1,51,466
4,3,4,52,466
1,1,0,49,467
2,1,2,49,467
3,3,1,51,467
4,3,4,52,467
1,1,0,49,468
2,1,2,49,468
3,3,1,51,468
4,3,4,52,468
1,1,0,49,469
2,1,2,49,469
3,3,1,51,469
4,3,4,52,469
1,1,0,49,470
2,1,2,49,470
3,3,1,51,470
4,3,4,52,470
1,1,0,49,471
2,1,2,49,471
3,3,1,51,471
4,3,4,52,471
1,1,0,49,472
2,1,2,49,472
3,3,1,51,472
4,3,4,52,472
1,1,0,49,473
2,1,2,49,473
3,3,1,51,473
4,3,4,52,473
1,1,0,49,474
2,1,2,49,474
3,3,1,51,474
4,3,4,52,474
1,1,0,49,475
2,1,2,49,475
3,3,1,51,475
4,3,4,52,475
1,1,0,49,476
4,1,4,49,476
2,2,1,50,476
3,2,3,48,476
1,1,0,49,477
4,1,4,49,477
2,2,1,50,477
3,2,3,48,477
1,1,0,49,478
4,1,4,49,478
2,2,1,50,478
3,2,3,48,478
1,1,0,49,479
4,1,4,49,479
2,2,1,50,479
3,2,3,48,479
1,1,0,49,480
4,1,4,49,480
2,2,1,50,480
3,2,3,48,480
1,1,0,49,481
4,1,4,49,481
2,2,1,50,481
3,2,3,48,481
1,1,0,49,482
4,1,4,49,482
2,2,1,50,482
3,2,3,48,482
1,1,0,49,483
4,1,4,49,483
2,2,1,50,483
3,2,3,48,483
1,1,0,49,484
4,1,4,49,484
2,2,1,50,484
3,2,3,48,484
1,1,0,49,485
4,1,4,48,485
2,2,1,50,485
3,2,3,125,485
1,1,0,49,486
4,1,4,48,486
2,2,1,50,486
3,2,3,125,486
1,1,0,49,487
4,1,4,48,487
2,2,1,50,487
3,2,3,125,487
1,1,0,49,488
4,1,4,48,488
2,2,1,50,488
3,2,3,125,488
1,1,0,49,489
4,1,4,48,489
2,2,1,50,489
3,2,3,125,489
1,1,0,49,490
4,1,4,48,490
2,2,1,50,490
3,2,3,125,490
1,1,0,49,491
4,1,4,48,491
2,2,1,50,491
3,2,3,125,491
1,1,0,49,492
4,1,4,48,492
2,2,1,50,492
3,2,3,125,492
1,1,0,49,493
4,1,4,48,493
2,2,1,50,493
3,2,3,125,493
1,1,0,49,494
4,1,4,48,494
2,2,1,50,494
3,2,3,125,494
1,1,0,52,495
2,1,2,50,495
4,1,4,50,495
3,2,3,48,495
1,1,0,52,496
2,1,2,50,496
4,1,4,50,496
3,2,3,48,496
1,1,0,52,497
2,1,2,50,497
4,1,4,50,497
3,2,3,48,497
1,1,0,52,498
2,1,2,50,498
4,1,4,50,498
3,2,3,48,498
1,1,0,52,499
2,1,2,50,499
4,1,4,50,499
3,2,3,48,499
1,1,0,52,500
2,1,2,50,500
4,1,4,50,500
3,2,3,48,500
1,1,0,52,501
2,1,2,50,501
4,1,4,50,501
3,2,3,48,501
1,1,0,52,502
2,1,2,50,502
4,1,4,50,502
3,2,3,48,502
1,1,0,52,503
2,1,2,50,503
4,1,4,50,503
3,2,3,48,503
1,1,0,52,504
2,1,2,50,504
4,1,4,50,504
3,2,3,48,504
1,1,0,52,505
2,1,2,50,505
4,1,4,50,505
3,2,3,48,505
1,1,0,49,506
4,1,4,49,506
2,2,1,50,506
3,2,3,52,506
1,1,0,49,507
4,1,4,49,507
2,2,1,50,507
3,2,3,52,507
1,1,0,49,508
4,1,4,49,508
2,2,1,50,508
3,2,3,52,508
1,1,0,49,509
4,1,4,49,509
2,2,1,50,509
3,2,3,52,509
1,1,0,49,510
4,1,4,49,510
2,2,1,50,510
3,2,3,52,510
1,1,0,49,511
4,1,4,49,511
2,2,1,50,511
3,2,3,52,511
1,1,0,49,512
4,1,4,49,512
2,2,1,50,512
3,2,3,52,512
1,1,0,49,513
4,1,4,49,513
2,2,1,50,513
3,2,3,52,513
1,1,0,49,514
4,1,4,49,514
2,2,1,50,514
3,2,3,52,514
1,1,0,49,515
4,1,4,49,515
2,2,1,50,515
3,2,3,52,515
1,1,0,49,516
2,1,2,49,516
3,3,1,50,516
4,4,1,50,516
1,1,0,49,517
2,1,2,49,517
3,3,1,50,517
4,4,1,50,517
1,1,0,49,518
2,1,2,49,518
3,3,1,50,518
4,4,1,50,518
1,1,0,49,519
2,1,2,49,519
3,3,1,50,519
4,4,1,50,519
1,1,0,49,520
2,1,2,49,520
3,3,1,50,520
4,4,1,50,520
1,1,0,49,521
2,1,2,49,521
3,3,1,50,521
4,4,1,50,521
1,1,0,49,522
2,1,2,49,522
3,3,1,50,522
4,4,1,50,522
1,1,0,49,523
2,1,2,49,523
3,3,1,50,523
4,4,1,50,523
1,1,0,49,524
2,1,2,49,524
3,3,1,50,524
4,4,1,50,524
1,1,0,49,525
2,1,2,49,525
3,3,1,50,525
4,4,1,50,525
1,1,0,49,526
2,1,2,49,526
3,3,1,51,526
4,3,4,48,526
1,1,0,49,527
2,1,2,49,527
3,3,1,51,527
4,3,4,48,527
1,1,0,49,528
2,1,2,49,528
3,3,1,51,528
4,3,4,48,528
1,1,0,49,529
2,1,2,49,529
3,3,1,51,529
4,3,4,48,529
1,1,0,49,530
2,1,2,49,530
3,3,1,51,530
4,3,4,48,530
1,1,0,49,531
2,1,2,49,531
3,3,1,51,531
4,3,4,48,531
1,1,0,49,532
2,1,2,49,532
3,3,1,51,532
4,3,4,48,532
1,1,0,49,533
2,1,2,49,533
3,3,1,51,533
4,3,4,48,533
1,1,0,49,534
2,1,2,49,534
3,3,1,51,534
4,3,4,48,534
1,1,0,49,535
2,1,2,49,535
3,3,1,51,535
4,3,4,48,535
1,1,0,49,536
2,1,2,49,536
3,3,1,51,536
4,3,4,48,536
1,1,0,51,537
2,1,2,49,537
4,1,4,52,537
3,2,3,48,537
1,1,0,51,538
2,1,2,49,538
4,1,4,52,538
3,2,3,48,538
1,1,0,51,539
2,1,2,49,539
4,1,4,52,539
3,2,3,48,539
1,1,0,51,540
2,1,2,49,540
4,1,4,52,540
3,2,3,48,540
1,1,0,51,541
2,1,2,49,541
4,1,4,52,541
3,2,3,48,541
1,1,0,51,542
2,1,2,49,542
4,1,4,52,542
3,2,3,48,542
1,1,0,51,543
2,1,2,49,543
4,1,4,52,543
3,2,3,48,543
1,1,0,51,544
2,1,2,49,544
4,1,4,52,544
3,2,3,48,544
1,1,0,51,545
2,1,2,49,545
4,1,4,52,545
3,2,3,48,545
1,1,0,51,546
2,1,2,49,546
4,1,4,52,546
3,2,3,48,546
1,1,0,49,547
2,1,2,49,547
3,3,1,51,547
4,4,1,51,547
1,1,0,49,548
2,1,2,49,548
3,3,1,51,548
4,4,1,51,548
1,1,0,49,549
2,1,2,49,549
3,3,1,51,549
4,4,1,51,549
1,1,0,49,550
2,1,2,49,550
3,3,1,51,550
4,4,1,51,550
1,1,0,49,551
2,1,2,49,551
3,3,1,51,551
4,4,1,51,551
1,1,0,49,552
2,1,2,49,552
3,3,1,51,552
4,4,1,51,552
1,1,0,49,553
2,1,2,49,553
3,3,1,51,553
4,4,1,51,553
1,1,0,49,554
2,1,2,49,554
3,3,1,51,554
4,4,1,51,554
1,1,0,49,555
2,1,2,49,555
3,3,1,51,555
4,4,1,51,555
1,1,0,49,556
2,1,2,49,556
3,3,1,51,556
4,4,1,51,556
1,1,0,49,557
2,1,2,49,557
3,3,1,51,557
4,4,1,51,557
1,1,0,51,558
2,1,2,50,558
4,1,4,50,558
3,2,3,48,558
1,1,0,51,559
2,1,2,50,559
4,1,4,50,559
3,2,3,48,559
1,1,0,51,560
2,1,2,50,560
4,1,4,50,560
3,2,3,48,560
1,1,0,51,561
2,1,2,50,561
4,1,4,50,561
3,2,3,48,561
1,1,0,51,562
2,1,2,50,562
4,1,4,50,562
3,2,3,48,562
1,1,0,51,563
2,1,2,50,563
4,1,4,50,563
3,2,3,48,563
1,1,0,51,564
2,1,2,50,564
4,1,4,50,564
3,2,3,48,564
1,1,0,51,565
2,1,2,50,565
4,1,4,50,565
3,2,3,48,565
1,1,0,51,566
2,1,2,50,566
4,1,4,50,566
3,2,3,48,566
1,1,0,51,567
2,1,2,50,567
4,1,4,50,567
3,2,3,48,567
1,1,0,51,568
2,1,2,50,568
4,1,4,50,568
3,2,3,48,568
3,0,3,48,569
1,1,0,49,569
2,2,1,50,569
4,4,1,50,569
3,0,3,48,570
1,1,0,49,570
2,2,1,50,570
4,4,1,50,570
3,0,3,48,571
1,1,0,49,571
2,2,1,50,571
4,4,1,50,571
3,0,3,48,572
1,1,0,49,572
2,2,1,50,572
4,4,1,50,572
3,0,3,48,573
1,1,0,49,573
2,2,1,50,573
4,4,1,50,573
3,0,3,48,574
1,1,0,49,574
2,2,1,50,574
4,4,1,50,574
3,0,3,48,575
1,1,0,49,575
2,2,1,50,575
4,4,1,50,575
3,0,3,48,576
1,1,0,49,576
2,2,1,50,576
4,4,1,50,576
3,0,3,48,577
1,1,0,49,577
2,2,1,50,577
4,4,1,50,577
1,1,0,49,578
4,1,4,49,578
2,2,1,50,578
3,2,3,51,578
1,1,0,49,579
4,1,4,49,579
2,2,1,50,579
3,2,3,51,579
1,1,0,49,580
4,1,4,49,580
2,2,1,50,580
3,2,3,51,580
1,1,0,49,581
4,1,4,49,581
2,2,1,50,581
3,2,3,51,581
1,1,0,49,582
4,1,4,49,582
2,2,1,50,582
3,2,3,51,582
1,1,0,49,583
4,1,4,49,583
2,2,1,50,583
3,2,3,51,583
1,1,0,49,584
4,1,4,49,584
2,2,1,50,584
3,2,3,51,584
1,1,0,49,585
4,1,4,49,585
2,2,1,50,585
3,2,3,51,585
1,1,0,49,586
4,1,4,49,586
2,2,1,50,586
3,2,3,51,586
1,1,0,49,587
4,1,4,49,587
2,2,1,50,587
3,2,3,51,587
4,0,4,48,588
1,1,0,49,588
2,1,2,50,588
3,3,1,52,588
4,0,4,48,589
1,1,0,49,589
2,1,2,50,589
3,3,1,52,589
4,0,4,48,590
1,1,0,49,590
2,1,2,50,590
3,3,1,52,590
4,0,4,48,591
1,1,0,49,591
2,1,2,50,591
3,3,1,52,591
4,0,4,48,592
1,1,0,49,592
2,1,2,50,592
3,3,1,52,592
4,0,4,48,593
1,1,0,49,593
2,1,2,50,593
3,3,1,52,593
4,0,4,48,594
1,1,0,49,594
2,1,2,50,594
3,3,1,52,594
4,0,4,48,595
1,1,0,49,595
2,1,2,50,595
3,3,1,52,595
4,0,4,48,596
1,1,0,49,596
2,1,2,50,596
3,3,1,52,596
4,0,4,48,597
1,1,0,49,597
2,1,2,50,597
3,3,1,52,597
4,0,4,48,598
1,1,0,49,598
2,1,2,50,598
3,3,1,52,598
1,1,0,48,599
2,1,2,48,599
3,3,1,49,599
4,3,4,50,599
1,1,0,48,600
2,1,2,48,600
3,3,1,49,600
4,3,4,50,600
1,1,0,48,601
2,1,2,48,601
3,3,1,49,601
4,3,4,50,601
1,1,0,48,602
2,1,2,48,602
3,3,1,49,602
4,3,4,50,602
1,1,0,48,603
2,1,2,48,603
3,3,1,49,603
4,3,4,50,603
1,1,0,48,604
2,1,2,48,604
3,3,1,49,604
4,3,4,50,604
1,1,0,48,605
2,1,2,48,605
3,3,1,49,605
4,3,4,50,605
1,1,0,48,606
2,1,2,48,606
3,3,1,49,606
4,3,4,50,606
4,0,4,48,607
1,1,0,49,607
2,1,2,50,607
3,3,1,51,607
4,0,4,48,608
1,1,0,49,608
2,1,2,50,608
3,3,1,51,608
4,0,4,48,609
1,1,0,49,609
2,1,2,50,609
3,3,1,51,609
4,0,4,48,610
1,1,0,49,610
2,1,2,50,610
3,3,1,51,610
4,0,4,48,611
1,1,0,49,611
2,1,2,50,611
3,3,1,51,611
4,0,4,48,612
1,1,0,49,612
2,1,2,50,612
3,3,1,51,612
4,0,4,48,613
1,1,0,49,613
2,1,2,50,613
3,3,1,51,613
4,0,4,48,614
1,1,0,49,614
2,1,2,50,614
3,3,1,51,614
4,0,4,48,615
1,1,0,49,615
2,1,2,50,615
3,3,1,51,615
4,0,4,48,616
1,1,0,49,616
2,1,2,50,616
3,3,1,51,616
4,0,4,48,617
1,1,0,49,617
2,1,2,50,617
3,3,1,51,617
4,0,4,48,618
1,1,0,49,618
2,2,0,49,618
3,3,2,51,618
4,0,4,48,619
1,1,0,49,619
2,2,0,49,619
3,3,2,51,619
4,0,4,48,620
1,1,0,49,620
2,2,0,49,620
3,3,2,51,620
4,0,4,48,621
1,1,0,49,621
2,2,0,49,621
3,3,2,51,621
4,0,4,48,622
1,1,0,49,622
2,2,0,49,622
3,3,2,51,622
4,0,4,48,623
1,1,0,49,623
2,2,0,49,623
3,3,2,51,623
4,0,4,48,624
1,1,0,49,624
2,2,0,49,624
3,3,2,51,624
4,0,4,48,625
1,1,0,49,625
2,2,0,49,625
3,3,2,51,625
4,0,4,48,626
1,1,0,49,626
2,2,0,49,626
3,3,2,51,626
4,0,4,48,627
1,1,0,49,627
2,2,0,49,627
3,3,2,51,627
4,0,4,48,628
1,1,0,49,628
2,2,0,49,628
3,3,2,51,628
4,0,4,48,629
1,1,0,49,629
2,2,0,49,629
3,3,2,51,629
1,1,0,49,630
2,1,2,49,630
3,3,1,51,630
4,3,4,50,630
1,1,0,49,631
2,1,2,49,631
3,3,1,51,631
4,3,4,50,631
1,1,0,49,632
2,1,2,49,632
3,3,1,51,632
4,3,4,50,632
1,1,0,49,633
2,1,2,49,633
3,3,1,51,633
4,3,4,50,633
1,1,0,49,634
2,1,2,49,634
3,3,1,51,634
4,3,4,50,634
1,1,0,49,635
2,1,2,49,635
3,3,1,51,635
4,3,4,50,635
1,1,0,49,636
2,1,2,49,636
3,3,1,51,636
4,3,4,50,636
1,1,0,49,637
2,1,2,49,637
3,3,1,51,637
4,3,4,50,637
1,1,0,49,638
2,1,2,49,638
3,3,1,51,638
4,3,4,50,638
1,1,0,49,639
2,1,2,49,639
3,3,1,51,639
4,3,4,50,639
1,1,0,49,640
2,1,2,49,640
3,3,1,51,640
4,3,4,50,640
2,0,2,49,641
1,1,0,52,641
4,2,4,48,641
3,3,2,49,641
2,0,2,49,642
1,1,0,52,642
4,2,4,48,642
3,3,2,49,642
2,0,2,49,643
1,1,0,52,643
4,2,4,48,643
3,3,2,49,643
2,0,2,49,644
1,1,0,52,644
4,2,4,48,644
3,3,2,49,644
2,0,2,49,645
1,1,0,52,645
4,2,4,48,645
3,3,2,49,645
2,0,2,49,646
1,1,0,52,646
4,2,4,48,646
3,3,2,49,646
2,0,2,49,647
1,1,0,52,647
4,2,4,48,647
3,3,2,49,647
2,0,2,49,648
1,1,0,52,648
4,2,4,48,648
3,3,2,49,648
2,0,2,49,649
1,1,0,52,649
4,2,4,48,649
3,3,2,49,649
2,0,2,49,650
1,1,0,52,650
4,2,4,48,650
3,3,2,49,650
2,0,2,49,651
1,1,0,52,651
4,2,4,48,651
3,3,2,49,651
1,1,0,49,652
2,2,1,50,652
3,2,3,52,652
4,2,4,51,652
1,1,0,49,653
2,2,1,50,653
3,2,3,52,653
4,2,4,51,653
1,1,0,49,654
2,2,1,50,654
3,2,3,52,654
4,2,4,51,654
1,1,0,49,655
2,2,1,50,655
3,2,3,52,655
4,2,4,51,655
1,1,0,49,656
2,2,1,50,656
3,2,3,52,656
4,2,4,51,656
1,1,0,49,657
2,2,1,50,657
3,2,3,52,657
4,2,4,51,657
1,1,0,49,658
2,2,1,50,658
3,2,3,52,658
4,2,4,51,658
1,1,0,49,659
2,2,1,50,659
3,2,3,52,659
4,2,4,51,659
1,1,0,49,660
2,2,1,50,660
3,2,3,52,660
4,2,4,51,660
1,1,0,49,661
2,2,1,50,661
3,2,3,52,661
4,2,4,51,661
1,1,0,49,662
2,2,1,50,662
3,2,3,52,662
4,2,4,51,662
4,0,4,48,663
1,1,0,49,663
2,2,1,50,663
3,3,0,49,663
4,0,4,48,664
1,1,0,49,664
2,2,1,50,664
3,3,0,49,664
4,0,4,48,665
1,1,0,49,665
2,2,1,50,665
3,3,0,49,665
4,0,4,48,666
1,1,0,49,666
2,2,1,50,666
3,3,0,49,666
4,0,4,48,667
1,1,0,49,667
2,2,1,50,667
3,3,0,49,667
4,0,4,48,668
1,1,0,49,668
2,2,1,50,668
3,3,0,49,668
4,0,4,48,669
1,1,0,49,669
2,2,1,50,669
3,3,0,49,669
4,0,4,48,670
1,1,0,49,670
2,2,1,50,670
3,3,0,49,670
4,0,4,48,671
1,1,0,49,671
2,2,1,50,671
3,3,0,49,671
4,0,4,48,672
1,1,0,49,672
2,2,1,50,672
3,3,0,49,672
1,1,0,48,673
2,2,0,48,673
3,3,2,49,673
4,4,2,49,673
1,1,0,48,674
2,2,0,48,674
3,3,2,49,674
4,4,2,49,674
1,1,0,48,675
2,2,0,48,675
3,3,2,49,675
4,4,2,49,675
1,1,0,48,676
2,2,0,48,676
3,3,2,49,676
4,4,2,49,676
1,1,0,48,677
2,2,0,48,677
3,3,2,49,677
4,4,2,49,677
1,1,0,48,678
2,2,0,48,678
3,3,2,49,678
4,4,2,49,678
1,1,0,48,679
2,2,0,48,679
3,3,2,49,679
4,4,2,49,679
1,1,0,48,680
2,2,0,48,680
3,3,2,49,680
4,4,2,49,680
1,1,0,48,681
2,2,0,48,681
3,3,2,49,681
4,4,2,49,681
1,1,0,48,682
2,2,0,48,682
3,3,2,49,682
4,4,2,49,682
1,1,0,49,683
2,1,2,50,683
4,2,4,48,683
3,3,1,51,683
1,1,0,49,684
2,1,2,50,684
4,2,4,48,684
3,3,1,51,684
1,1,0,49,685
2,1,2,50,685
4,2,4,48,685
3,3,1,51,685
1,1,0,49,686
2,1,2,50,686
4,2,4,48,686
3,3,1,51,686
1,1,0,49,687
2,1,2,50,687
4,2,4,48,687
3,3,1,51,687
1,1,0,49,688
2,1,2,50,688
4,2,4,48,688
3,3,1,51,688
1,1,0,49,689
2,1,2,50,689
4,2,4,48,689
3,3,1,51,689
1,1,0,49,690
2,1,2,50,690
4,2,4,48,690
3,3,1,51,690
1,1,0,49,691
2,1,2,50,691
4,2,4,48,691
3,3,1,51,691
1,1,0,49,692
2,1,2,50,692
4,2,4,48,692
3,3,1,51,692
1,1,0,49,693
2,1,2,50,693
4,2,4,48,693
3,3,1,51,693
1,1,0,51,694
2,1,2,50,694
4,1,4,52,694
3,2,3,48,694
1,1,0,51,695
2,1,2,50,695
4,1,4,52,695
3,2,3,48,695
1,1,0,51,696
2,1,2,50,696
4,1,4,52,696
3,2,3,48,696
1,1,0,51,697
2,1,2,50,697
4,1,4,52,697
3,2,3,48,697
1,1,0,51,698
2,1,2,50,698
4,1,4,52,698
3,2,3,48,698
1,1,0,51,699
2,1,2,50,699
4,1,4,52,699
3,2,3,48,699
1,1,0,51,700
2,1,2,50,700
4,1,4,52,700
3,2,3,48,700
1,1,0,51,701
2,1,2,50,701
4,1,4,52,701
3,2,3,48,701
1,1,0,51,702
2,1,2,50,702
4,1,4,52,702
3,2,3,48,702
1,1,0,51,703
2,1,2,50,703
4,1,4,52,703
3,2,3,48,703
1,1,0,51,704
2,1,2,50,704
4,1,4,52,704
3,2,3,48,704
1,1,0,49,705
2,2,1,50,705
3,3,0,49,705
4,4,1,50,705
1,1,0,49,706
2,2,1,50,706
3,3,0,49,706
4,4,1,50,706
1,1,0,49,707
2,2,1,50,707
3,3,0,49,707
4,4,1,50,707
1,1,0,49,708
2,2,1,50,708
3,3,0,49,708
4,4,1,50,708
1,1,0,49,709
2,2,1,50,709
3,3,0,49,709
4,4,1,50,709
1,1,0,49,710
2,2,1,50,710
3,3,0,49,710
4,4,1,50,710
1,1,0,49,711
2,2,1,50,711
3,3,0,49,711
4,4,1,50,711
1,1,0,49,712
2,2,1,50,712
3,3,0,49,712
4,4,1,50,712
1,1,0,49,713
2,2,1,50,713
3,3,0,49,713
4,4,1,50,713
1,1,0,49,714
2,2,1,50,714
3,3,0,49,714
4,4,1,50,714
1,1,0,49,715
2,2,1,50,715
3,3,0,49,715
4,4,1,50,715
1,1,0,49,716
4,1,4,48,716
2,2,1,50,716
3,2,3,52,716
1,1,0,49,717
4,1,4,48,717
2,2,1,50,717
3,2,3,52,717
1,1,0,49,718
4,1,4,48,718
2,2,1,50,718
3,2,3,52,718
1,1,0,49,719
4,1,4,48,719
2,2,1,50,719
3,2,3,52,719
1,1,0,49,720
4,1,4,48,720
2,2,1,50,720
3,2,3,52,720
1,1,0,49,721
4,1,4,48,721
2,2,1,50,721
3,2,3,52,721
1,1,0,49,722
4,1,4,48,722
2,2,1,50,722
3,2,3,52,722
1,1,0,49,723
4,1,4,48,723
2,2,1,50,723
3,2,3,52,723
1,1,0,49,724
4,1,4,48,724
2,2,1,50,724
3,2,3,52,724
1,1,0,49,725
4,1,4,48,725
2,2,1,50,725
3,2,3,52,725
1,1,0,49,726
4,1,4,48,726
2,2,1,50,726
3,2,3,52,726
1,1,0,49,727
4,1,4,48,727
2,2,1,50,727
3,2,3,52,727
1,1,0,49,728
4,1,4,48,728
2,2,1,50,728
3,2,3,52,728
1,1,0,49,729
4,1,4,48,729
2,2,1,50,729
3,2,3,52,729
1,1,0,49,730
4,1,4,48,730
2,2,1,50,730
3,2,3,52,730
1,1,0,49,731
4,1,4,48,731
2,2,1,50,731
3,2,3,52,731
1,1,0,49,732
4,1,4,48,732
2,2,1,50,732
3,2,3,52,732
1,1,0,49,733
4,1,4,48,733
2,2,1,50,733
3,2,3,52,733
1,1,0,49,734
4,1,4,48,734
2,2,1,50,734
3,2,3,52,734
1,1,0,49,735
4,1,4,48,735
2,2,1,50,735
3,2,3,52,735
1,1,0,49,736
2,1,2,50,736
3,3,1,51,736
4,3,4,49,736
1,1,0,49,737
2,1,2,50,737
3,3,1,51,737
4,3,4,49,737
1,1,0,49,738
2,1,2,50,738
3,3,1,51,738
4,3,4,49,738
1,1,0,49,739
2,1,2,50,739
3,3,1,51,739
4,3,4,49,739
1,1,0,49,740
2,1,2,50,740
3,3,1,51,740
4,3,4,49,740
1,1,0,49,741
2,1,2,50,741
3,3,1,51,741
4,3,4,49,741
1,1,0,49,742
2,1,2,50,742
3,3,1,51,742
4,3,4,49,742
1,1,0,49,743
2,1,2,50,743
3,3,1,51,743
4,3,4,49,743
1,1,0,49,744
2,1,2,50,744
3,3,1,51,744
4,3,4,49,744
1,1,0,49,745
2,1,2,50,745
3,3,1,51,745
4,3,4,49,745
1,1,0,49,746
2,1,2,50,746
3,3,1,51,746
4,3,4,49,746
1,1,0,49,747
3,1,3,48,747
2,2,1,50,747
4,2,4,49,747
1,1,0,49,748
3,1,3,48,748
2,2,1,50,748
4,2,4,49,748
1,1,0,49,749
3,1,3,48,749
2,2,1,50,749
4,2,4,49,749
1,1,0,49,750
3,1,3,48,750
2,2,1,50,750
4,2,4,49,750
1,1,0,49,751
3,1,3,48,751
2,2,1,50,751
4,2,4,49,751
1,1,0,49,752
3,1,3,48,752
2,2,1,50,752
4,2,4,49,752
1,1,0,49,753
3,1,3,48,753
2,2,1,50,753
4,2,4,49,753
1,1,0,49,754
3,1,3,48,754
2,2,1,50,754
4,2,4,49,754
1,1,0,49,755
3,1,3,48,755
2,2,1,50,755
4,2,4,49,755
1,1,0,49,756
3,1,3,48,756
2,2,1,50,756
4,2,4,49,756
1,1,0,49,757
3,1,3,48,757
2,2,1,50,757
4,2,4,49,757
1,1,0,49,758
3,1,3,48,758
2,2,1,50,758
4,2,4,49,758
1,1,0,49,759
3,1,3,48,759
2,2,1,50,759
4,2,4,49,759
1,1,0,49,760
3,1,3,48,760
2,2,1,50,760
4,2,4,49,760
1,1,0,49,761
3,1,3,48,761
2,2,1,50,761
4,2,4,49,761
1,1,0,49,762
3,1,3,48,762
2,2,1,50,762
4,2,4,49,762
1,1,0,49,763
2,1,2,50,763
3,3,1,52,763
4,3,4,48,763
1,1,0,49,764
2,1,2,50,764
3,3,1,52,764
4,3,4,48,764
1,1,0,49,765
2,1,2,50,765
3,3,1,52,765
4,3,4,48,765
1,1,0,49,766
2,1,2,50,766
3,3,1,52,766
4,3,4,48,766
1,1,0,49,767
2,1,2,50,767
3,3,1,52,767
4,3,4,48,767
1,1,0,49,768
2,1,2,50,768
3,3,1,52,768
4,3,4,48,768
1,1,0,49,769
2,1,2,50,769
3,3,1,52,769
4,3,4,48,769
1,1,0,49,770
2,1,2,50,770
3,3,1,52,770
4,3,4,48,770
1,1,0,49,771
2,1,2,50,771
3,3,1,52,771
4,3,4,48,771
1,1,0,49,772
2,1,2,50,772
3,3,1,52,772
4,3,4,48,772
1,1,0,49,773
2,1,2,50,773
3,3,1,52,773
4,3,4,48,773
1,1,0,49,774
4,1,4,48,774
2,2,1,50,774
3,2,3,51,774
1,1,0,49,775
4,1,4,48,775
2,2,1,50,775
3,2,3,51,775
1,1,0,49,776
4,1,4,48,776
2,2,1,50,776
3,2,3,51,776
1,1,0,49,777
4,1,4,48,777
2,2,1,50,777
3,2,3,51,777
1,1,0,49,778
4,1,4,48,778
2,2,1,50,778
3,2,3,51,778
1,1,0,49,779
4,1,4,48,779
2,2,1,50,779
3,2,3,51,779
1,1,0,49,780
4,1,4,48,780
2,2,1,50,780
3,2,3,51,780
1,1,0,49,781
4,1,4,48,781
2,2,1,50,781
3,2,3,51,781
1,1,0,49,782
4,1,4,48,782
2,2,1,50,782
3,2,3,51,782
1,1,0,49,783
4,1,4,48,783
2,2,1,50,783
3,2,3,51,783
1,1,0,49,784
4,1,4,48,784
2,2,1,50,784
3,2,3,51,784
1,1,0,49,785
4,1,4,48,785
2,2,1,50,785
3,2,3,51,785
1,1,0,49,786
4,1,4,48,786
2,2,1,50,786
3,2,3,51,786
1,1,0,49,787
4,1,4,48,787
2,2,1,50,787
3,2,3,51,787
1,1,0,49,788
4,1,4,48,788
2,2,1,50,788
3,2,3,51,788
1,1,0,49,789
4,1,4,48,789
2,2,1,50,789
3,2,3,51,789
1,1,0,49,790
4,1,4,48,790
2,2,1,50,790
3,2,3,51,790
1,1,0,49,791
4,1,4,48,791
2,2,1,50,791
3,2,3,51,791
1,1,0,49,792
4,1,4,48,792
2,2,1,50,792
3,2,3,51,792
1,1,0,49,793
4,1,4,48,793
2,2,1,50,793
3,2,3,51,793
1,1,0,49,794
2,1,2,50,794
3,3,1,52,794
4,3,4,49,794
1,1,0,49,795
2,1,2,50,795
3,3,1,52,795
4,3,4,49,795
1,1,0,49,796
2,1,2,50,796
3,3,1,52,796
4,3,4,49,796
1,1,0,49,797
2,1,2,50,797
3,3,1,52,797
4,3,4,49,797
1,1,0,49,798
2,1,2,50,798
3,3,1,52,798
4,3,4,49,798
1,1,0,49,799
2,1,2,50,799
3,3,1,52,799
4,3,4,49,799
1,1,0,49,800
2,1,2,50,800
3,3,1,52,800
4,3,4,49,800
1,1,0,49,801
2,1,2,50,801
3,3,1,52,801
4,3,4,49,801
1,1,0,49,802
2,1,2,50,802
3,3,1,52,802
4,3,4,49,802
1,1,0,49,803
2,1,2,50,803
3,3,1,52,803
4,3,4,49,803
1,1,0,49,804
2,1,2,50,804
3,3,1,52,804
4,3,4,49,804
1,1,0,49,805
2,2,0,49,805
3,3,2,51,805
4,4,2,51,805
1,1,0,49,806
2,2,0,49,806
3,3,2,51,806
4,4,2,51,806
1,1,0,49,807
2,2,0,49,807
3,3,2,51,807
4,4,2,51,807
1,1,0,49,808
2,2,0,49,808
3,3,2,51,808
4,4,2,51,808
1,1,0,49,809
2,2,0,49,809
3,3,2,51,809
4,4,2,51,809
1,1,0,49,810
2,2,0,49,810
3,3,2,51,810
4,4,2,51,810
1,1,0,49,811
2,2,0,49,811
3,3,2,51,811
4,4,2,51,811
1,1,0,49,812
2,2,0,49,812
3,3,2,51,812
4,4,2,51,812
1,1,0,49,813
2,2,0,49,813
3,3,2,51,813
4,4,2,51,813
1,1,0,49,814
2,2,0,49,814
3,3,2,51,814
4,4,2,51,814
1,1,0,49,815
2,2,0,49,815
3,3,2,51,815
4,4,2,51,815
3,0,3,49,816
1,1,0,51,816
2,2,0,51,816
4,3,4,48,816
5,3,5,48,816
3,0,3,48,817
5,0,5,50,817
1,1,0,50,817
2,2,0,50,817
4,4,0,50,817
2,0,2,49,818
5,0,5,48,818
1,1,0,52,818
4,2,4,48,818
3,3,2,49,818
4,0,4,48,819
1,1,0,49,819
5,1,5,50,819
2,2,1,50,819
3,3,0,49,819
3,0,3,49,820
5,0,5,49,820
1,1,0,51,820
2,1,2,50,820
4,1,4,52,820
2,0,2,49,821
4,0,4,48,821
1,1,0,52,821
3,1,3,50,821
5,1,5,125,821
1,1,0,49,822
2,1,2,50,822
3,3,1,52,822
4,3,4,48,822
5,3,5,125,822
5,0,5,49,823
1,1,0,50,823
2,2,0,50,823
3,3,0,50,823
4,4,0,50,823
3,0,3,49,824
1,1,0,51,824
2,1,2,50,824
4,1,4,50,824
5,5,0,51,824
3,0,3,49,825
5,0,5,48,825
1,1,0,51,825
2,1,2,50,825
4,1,4,52,825
3,0,3,49,826
5,0,5,48,826
1,1,0,51,826
2,1,2,50,826
4,1,4,50,826
2,0,2,49,827
1,1,0,52,827
3,1,3,51,827
4,1,4,48,827
5,5,0,52,827
2,0,2,49,828
1,1,0,52,828
3,3,2,49,828
4,4,0,52,828
5,5,2,49,828
2,0,2,49,829
5,0,5,50,829
1,1,0,52,829
3,1,3,51,829
4,1,4,48,829
3,0,3,49,830
1,1,0,51,830
2,2,0,51,830
4,2,4,49,830
5,5,2,52,830
2,0,2,49,831
5,0,5,51,831
1,1,0,52,831
3,1,3,51,831
4,1,4,48,831
3,0,3,49,832
1,1,0,51,832
2,2,0,51,832
4,2,4,49,832
5,2,5,125,832
3,0,3,48,833
1,1,0,50,833
2,2,0,50,833
4,4,0,50,833
5,5,0,50,833
3,0,3,49,834
1,1,0,51,834
2,2,0,51,834
4,2,4,49,834
5,5,2,125,834
2,0,2,49,835
5,0,5,50,835
1,1,0,52,835
3,1,3,48,835
4,1,4,49,835
3,0,3,49,836
1,1,0,51,836
2,1,2,50,836
4,1,4,52,836
5,5,0,51,836
3,0,3,49,837
1,1,0,51,837
2,2,0,51,837
4,2,4,49,837
5,2,5,52,837
3,0,3,49,838
1,1,0,52,838
2,2,0,52,838
4,2,4,49,838
5,2,5,48,838
2,0,2,49,839
4,0,4,48,839
1,1,0,52,839
3,1,3,50,839
5,1,5,49,839
4,0,4,48,840
1,1,0,49,840
2,2,0,49,840
5,2,5,51,840
3,3,2,51,840
3,0,3,49,841
1,1,0,52,841
2,2,0,52,841
4,2,4,49,841
5,2,5,50,841
2,0,2,49,842
5,0,5,49,842
1,1,0,52,842
3,1,3,51,842
4,1,4,50,842
3,0,3,49,843
1,1,0,52,843
2,2,0,52,843
4,2,4,49,843
5,2,5,51,843
2,0,2,49,844
5,0,5,48,844
1,1,0,52,844
3,1,3,51,844
4,1,4,50,844
3,0,3,48,845
5,0,5,49,845
1,1,0,50,845
2,2,0,50,845
4,4,0,50,845
3,0,3,48,846
5,0,5,49,846
1,1,0,50,846
2,2,0,50,846
4,4,0,50,846
3,0,3,48,847
1,1,0,50,847
2,2,0,50,847
4,4,3,48,847
5,5,0,50,847
3,0,3,49,848
5,0,5,50,848
1,1,0,51,848
2,1,2,48,848
4,1,4,52,848
3,0,3,49,849
1,1,0,51,849
2,2,0,51,849
4,2,4,49,849
5,2,5,48,849
3,0,3,49,850
1,1,0,51,850
2,2,0,51,850
4,2,4,49,850
5,2,5,48,850
3,0,3,48,851
1,1,0,49,851
2,2,0,49,851
5,2,5,48,851
4,4,2,49,851
3,0,3,48,852
5,0,5,48,852
1,1,0,49,852
2,2,0,49,852
4,4,2,49,852
3,0,3,49,853
1,1,0,51,853
2,1,2,48,853
4,1,4,52,853
5,5,0,51,853
2,0,2,49,854
5,0,5,49,854
1,1,0,52,854
3,1,3,51,854
4,1,4,48,854
2,0,2,49,855
1,1,0,52,855
3,1,3,51,855
4,1,4,50,855
5,5,0,52,855
3,0,3,48,856
1,1,0,50,856
2,2,0,50,856
4,4,3,48,856
5,5,3,48,856
3,0,3,49,857
1,1,0,51,857
2,2,0,51,857
4,2,4,49,857
5,2,5,50,857
3,0,3,49,858
1,1,0,51,858
2,2,0,51,858
4,2,4,49,858
5,2,5,50,858
1,1,0,51,859
2,1,2,49,859
4,1,4,52,859
3,2,3,48,859
5,2,5,48,859
1,1,0,51,860
2,1,2,49,860
4,1,4,52,860
3,2,3,48,860
5,2,5,48,860
1,1,0,51,861
2,1,2,49,861
4,1,4,52,861
3,2,3,48,861
5,2,5,48,861
1,1,0,51,862
2,1,2,49,862
4,1,4,52,862
3,2,3,48,862
5,2,5,48,862
1,1,0,51,863
2,1,2,49,863
4,1,4,52,863
3,2,3,48,863
5,2,5,48,863
1,1,0,51,864
2,1,2,49,864
4,1,4,52,864
3,2,3,48,864
5,2,5,48,864
1,1,0,51,865
2,1,2,49,865
4,1,4,52,865
3,2,3,48,865
5,2,5,48,865
2,0,2,49,866
1,1,0,52,866
4,2,4,48,866
3,3,2,49,866
5,5,0,51,866
2,0,2,49,867
1,1,0,52,867
4,2,4,48,867
3,3,2,49,867
5,5,0,51,867
2,0,2,49,868
1,1,0,52,868
4,2,4,48,868
3,3,2,49,868
5,5,0,51,868
2,0,2,49,869
1,1,0,52,869
4,2,4,48,869
3,3,2,49,869
5,5,0,51,869
2,0,2,49,870
1,1,0,52,870
4,2,4,48,870
3,3,2,49,870
5,5,0,51,870
2,0,2,49,871
1,1,0,52,871
4,2,4,48,871
3,3,2,49,871
5,5,0,51,871
3,0,3,48,872
5,0,5,48,872
1,1,0,49,872
2,2,1,50,872
4,4,1,50,872
3,0,3,48,873
5,0,5,48,873
1,1,0,49,873
2,2,1,50,873
4,4,1,50,873
3,0,3,48,874
5,0,5,48,874
1,1,0,49,874
2,2,1,50,874
4,4,1,50,874
3,0,3,48,875
5,0,5,48,875
1,1,0,49,875
2,2,1,50,875
4,4,1,50,875
3,0,3,48,876
5,0,5,48,876
1,1,0,49,876
2,2,1,50,876
4,4,1,50,876
3,0,3,48,877
5,0,5,48,877
1,1,0,49,877
2,2,1,50,877
4,4,1,50,877
3,0,3,48,878
5,0,5,48,878
1,1,0,49,878
2,2,1,50,878
4,4,1,50,878
3,0,3,48,879
5,0,5,48,879
1,1,0,49,879
2,2,1,50,879
4,4,1,50,879
3,0,3,48,880
5,0,5,48,880
1,1,0,49,880
2,2,1,50,880
4,4,1,50,880
2,0,2,49,881
5,0,5,49,881
1,1,0,52,881
4,2,4,48,881
3,3,2,49,881
2,0,2,49,882
5,0,5,49,882
1,1,0,52,882
4,2,4,48,882
3,3,2,49,882
2,0,2,49,883
5,0,5,49,883
1,1,0,52,883
4,2,4,48,883
3,3,2,49,883
2,0,2,49,884
5,0,5,49,884
1,1,0,52,884
4,2,4,48,884
3,3,2,49,884
2,0,2,49,885
5,0,5,49,885
1,1,0,52,885
4,2,4,48,885
3,3,2,49,885
2,0,2,49,886
5,0,5,49,886
1,1,0,52,886
4,2,4,48,886
3,3,2,49,886
2,0,2,49,887
5,0,5,49,887
1,1,0,52,887
4,2,4,48,887
3,3,2,49,887
2,0,2,49,888
5,0,5,49,888
1,1,0,52,888
4,2,4,48,888
3,3,2,49,888
3,0,3,48,889
4,0,4,48,889
1,1,0,49,889
2,2,0,49,889
5,5,2,50,889
3,0,3,48,890
4,0,4,48,890
1,1,0,49,890
2,2,0,49,890
5,5,2,50,890
3,0,3,48,891
4,0,4,48,891
1,1,0,49,891
2,2,0,49,891
5,5,2,50,891
3,0,3,48,892
4,0,4,48,892
1,1,0,49,892
2,2,0,49,892
5,5,2,50,892
3,0,3,48,893
4,0,4,48,893
1,1,0,49,893
2,2,0,49,893
5,5,2,50,893
3,0,3,48,894
4,0,4,48,894
1,1,0,49,894
2,2,0,49,894
5,5,2,50,894
3,0,3,48,895
4,0,4,48,895
1,1,0,49,895
2,2,0,49,895
5,5,2,50,895
3,0,3,48,896
4,0,4,48,896
1,1,0,49,896
2,2,0,49,896
5,5,2,50,896
3,0,3,48,897
4,0,4,48,897
1,1,0,49,897
2,2,0,49,897
5,5,2,50,897
3,0,3,48,898
4,0,4,48,898
1,1,0,49,898
2,2,0,49,898
5,5,2,50,898
1,1,0,49,899
5,1,5,49,899
2,2,1,50,899
3,2,3,52,899
4,2,4,51,899
1,1,0,49,900
5,1,5,49,900
2,2,1,50,900
3,2,3,52,900
4,2,4,51,900
1,1,0,49,901
5,1,5,49,901
2,2,1,50,901
3,2,3,52,901
4,2,4,51,901
1,1,0,49,902
5,1,5,49,902
2,2,1,50,902
3,2,3,52,902
4,2,4,51,902
1,1,0,49,903
5,1,5,49,903
2,2,1,50,903
3,2,3,52,903
4,2,4,51,903
1,1,0,49,904
5,1,5,49,904
2,2,1,50,904
3,2,3,52,904
4,2,4,51,904
1,1,0,49,905
5,1,5,49,905
2,2,1,50,905
3,2,3,52,905
4,2,4,51,905
1,1,0,49,906
5,1,5,49,906
2,2,1,50,906
3,2,3,52,906
4,2,4,51,906
1,1,0,49,907
5,1,5,49,907
2,2,1,50,907
3,2,3,52,907
4,2,4,51,907
4,0,4,48,908
1,1,0,49,908
5,1,5,49,908
2,2,1,50,908
3,3,0,49,908
4,0,4,48,909
1,1,0,49,909
5,1,5,49,909
2,2,1,50,909
3,3,0,49,909
4,0,4,48,910
1,1,0,49,910
5,1,5,49,910
2,2,1,50,910
3,3,0,49,910
4,0,4,48,911
1,1,0,49,911
5,1,5,49,911
2,2,1,50,911
3,3,0,49,911
4,0,4,48,912
1,1,0,49,912
5,1,5,49,912
2,2,1,50,912
3,3,0,49,912
4,0,4,48,913
1,1,0,49,913
5,1,5,49,913
2,2,1,50,913
3,3,0,49,913
4,0,4,48,914
1,1,0,49,914
5,1,5,49,914
2,2,1,50,914
3,3,0,49,914
4,0,4,48,915
1,1,0,49,915
5,1,5,49,915
2,2,1,50,915
3,3,0,49,915
4,0,4,48,916
1,1,0,49,916
5,1,5,49,916
2,2,1,50,916
3,3,0,49,916
1,1,0,49,917
4,1,4,49,917
2,2,1,50,917
3,2,3,48,917
5,2,5,51,917
1,1,0,49,918
4,1,4,49,918
2,2,1,50,918
3,2,3,48,918
5,2,5,51,918
1,1,0,49,919
4,1,4,49,919
2,2,1,50,919
3,2,3,48,919
5,2,5,51,919
1,1,0,49,920
4,1,4,49,920
2,2,1,50,920
3,2,3,48,920
5,2,5,51,920
1,1,0,49,921
4,1,4,49,921
2,2,1,50,921
3,2,3,48,921
5,2,5,51,921
1,1,0,49,922
4,1,4,49,922
2,2,1,50,922
3,2,3,48,922
5,2,5,51,922
1,1,0,49,923
4,1,4,49,923
2,2,1,50,923
3,2,3,48,923
5,2,5,51,923
1,1,0,49,924
4,1,4,49,924
2,2,1,50,924
3,2,3,48,924
5,2,5,51,924
1,1,0,49,925
2,1,2,50,925
3,3,1,50,925
4,4,1,50,925
5,5,1,50,925
1,1,0,49,926
2,1,2,50,926
3,3,1,50,926
4,4,1,50,926
5,5,1,50,926
1,1,0,49,927
2,1,2,50,927
3,3,1,50,927
4,4,1,50,927
5,5,1,50,927
1,1,0,49,928
2,1,2,50,928
3,3,1,50,928
4,4,1,50,928
5,5,1,50,928
1,1,0,49,929
2,1,2,50,929
3,3,1,50,929
4,4,1,50,929
5,5,1,50,929
1,1,0,49,930
2,1,2,50,930
3,3,1,50,930
4,4,1,50,930
5,5,1,50,930
1,1,0,49,931
2,1,2,50,931
3,3,1,50,931
4,4,1,50,931
5,5,1,50,931
1,1,0,49,932
2,1,2,50,932
3,3,1,50,932
4,4,1,50,932
5,5,1,50,932
1,1,0,49,933
2,1,2,50,933
3,3,1,50,933
4,4,1,50,933
5,5,1,50,933
1,1,0,48,934
2,1,2,48,934
3,3,1,49,934
4,3,4,52,934
5,3,5,50,934
1,1,0,48,935
2,1,2,48,935
3,3,1,49,935
4,3,4,52,935
5,3,5,50,935
1,1,0,48,936
2,1,2,48,936
3,3,1,49,936
4,3,4,52,936
5,3,5,50,936
1,1,0,48,937
2,1,2,48,937
3,3,1,49,937
4,3,4,52,937
5,3,5,50,937
1,1,0,48,938
2,1,2,48,938
3,3,1,49,938
4,3,4,52,938
5,3,5,50,938
1,1,0,48,939
2,1,2,48,939
3,3,1,49,939
4,3,4,52,939
5,3,5,50,939
1,1,0,48,940
2,1,2,48,940
3,3,1,49,940
4,3,4,52,940
5,3,5,50,940
1,1,0,48,941
2,1,2,48,941
3,3,1,49,941
4,3,4,51,941
5,3,5,50,941
1,1,0,48,942
2,1,2,48,942
3,3,1,49,942
4,3,4,51,942
5,3,5,50,942
1,1,0,48,943
2,1,2,48,943
3,3,1,49,943
4,3,4,51,943
5,3,5,50,943
1,1,0,48,944
2,1,2,48,944
3,3,1,49,944
4,3,4,51,944
5,3,5,50,944
1,1,0,48,945
2,1,2,48,945
3,3,1,49,945
4,3,4,51,945
5,3,5,50,945
1,1,0,48,946
2,1,2,48,946
3,3,1,49,946
4,3,4,51,946
5,3,5,50,946
1,1,0,48,947
2,1,2,48,947
3,3,1,49,947
4,3,4,51,947
5,3,5,50,947
1,1,0,48,948
2,1,2,48,948
3,3,1,49,948
4,3,4,51,948
5,3,5,50,948
1,1,0,49,949
2,1,2,49,949
3,3,1,52,949
4,3,4,50,949
5,3,5,48,949
1,1,0,49,950
2,1,2,49,950
3,3,1,52,950
4,3,4,50,950
5,3,5,48,950
1,1,0,49,951
2,1,2,49,951
3,3,1,52,951
4,3,4,50,951
5,3,5,48,951
1,1,0,49,952
2,1,2,49,952
3,3,1,52,952
4,3,4,50,952
5,3,5,48,952
1,1,0,49,953
2,1,2,49,953
3,3,1,52,953
4,3,4,50,953
5,3,5,48,953
1,1,0,49,954
2,1,2,49,954
3,3,1,52,954
4,3,4,50,954
5,3,5,48,954
1,1,0,49,955
2,1,2,49,955
3,3,1,52,955
4,3,4,50,955
5,3,5,48,955
1,1,0,49,956
2,1,2,49,956
3,3,1,52,956
4,3,4,50,956
5,3,5,48,956
1,1,0,49,957
2,1,2,49,957
3,3,1,52,957
4,3,4,50,957
5,3,5,48,957
1,1,0,49,958
2,1,2,49,958
3,3,1,52,958
4,3,4,50,958
5,3,5,48,958
1,1,0,49,959
2,1,2,49,959
3,3,1,52,959
4,3,4,50,959
5,3,5,48,959
1,1,0,49,960
4,1,4,49,960
2,2,1,50,960
3,2,3,52,960
5,2,5,48,960
1,1,0,49,961
4,1,4,49,961
2,2,1,50,961
3,2,3,52,961
5,2,5,48,961
1,1,0,49,962
4,1,4,49,962
2,2,1,50,962
3,2,3,52,962
5,2,5,48,962
1,1,0,49,963
4,1,4,49,963
2,2,1,50,963
3,2,3,52,963
5,2,5,48,963
1,1,0,49,964
4,1,4,49,964
2,2,1,50,964
3,2,3,52,964
5,2,5,48,964
1,1,0,49,965
4,1,4,49,965
2,2,1,50,965
3,2,3,52,965
5,2,5,48,965
1,1,0,49,966
4,1,4,49,966
2,2,1,50,966
3,2,3,52,966
5,2,5,48,966
1,1,0,49,967
4,1,4,49,967
2,2,1,50,967
3,2,3,52,967
5,2,5,48,967
3,0,3,48,968
4,0,4,48,968
1,1,0,49,968
2,2,0,49,968
5,5,2,51,968
3,0,3,48,969
4,0,4,48,969
1,1,0,49,969
2,2,0,49,969
5,5,2,51,969
3,0,3,48,970
4,0,4,48,970
1,1,0,49,970
2,2,0,49,970
5,5,2,51,970
3,0,3,48,971
4,0,4,48,971
1,1,0,49,971
2,2,0,49,971
5,5,2,51,971
3,0,3,48,972
4,0,4,48,972
1,1,0,49,972
2,2,0,49,972
5,5,2,51,972
3,0,3,48,973
4,0,4,48,973
1,1,0,49,973
2,2,0,49,973
5,5,2,51,973
3,0,3,48,974
4,0,4,48,974
1,1,0,49,974
2,2,0,49,974
5,5,2,51,974
3,0,3,48,975
4,0,4,48,975
1,1,0,49,975
2,2,0,49,975
5,5,2,51,975
3,0,3,48,976
4,0,4,48,976
1,1,0,49,976
2,2,0,49,976
5,5,2,51,976
3,0,3,48,977
4,0,4,48,977
1,1,0,49,977
2,2,0,49,977
5,5,2,51,977
3,0,3,48,978
4,0,4,48,978
1,1,0,49,978
2,2,0,49,978
5,5,2,51,978
3,0,3,48,979
4,0,4,48,979
1,1,0,49,979
2,2,0,49,979
5,5,2,51,979
1,1,0,48,980
2,1,2,48,980
3,3,1,49,980
5,3,5,50,980
4,4,3,51,980
1,1,0,48,981
2,1,2,48,981
3,3,1,49,981
5,3,5,50,981
4,4,3,51,981
1,1,0,48,982
2,1,2,48,982
3,3,1,49,982
5,3,5,50,982
4,4,3,51,982
1,1,0,48,983
2,1,2,48,983
3,3,1,49,983
5,3,5,50,983
4,4,3,51,983
1,1,0,48,984
2,1,2,48,984
3,3,1,49,984
5,3,5,50,984
4,4,3,51,984
1,1,0,48,985
2,1,2,48,985
3,3,1,49,985
5,3,5,50,985
4,4,3,51,985
1,1,0,48,986
2,1,2,48,986
3,3,1,49,986
5,3,5,50,986
4,4,3,51,986
1,1,0,48,987
2,1,2,48,987
3,3,1,49,987
5,3,5,50,987
4,4,3,51,987
1,1,0,48,988
2,1,2,48,988
3,3,1,49,988
5,3,5,50,988
4,4,3,51,988
1,1,0,48,989
2,1,2,48,989
3,3,1,49,989
5,3,5,50,989
4,4,3,51,989
4,0,4,48,990
1,1,0,49,990
2,2,0,49,990
5,2,5,49,990
3,3,2,51,990
4,0,4,48,991
1,1,0,49,991
2,2,0,49,991
5,2,5,49,991
3,3,2,51,991
4,0,4,48,992
1,1,0,49,992
2,2,0,49,992
5,2,5,49,992
3,3,2,51,992
4,0,4,48,993
1,1,0,49,993
2,2,0,49,993
5,2,5,49,993
3,3,2,51,993
4,0,4,48,994
1,1,0,49,994
2,2,0,49,994
5,2,5,49,994
3,3,2,51,994
4,0,4,48,995
1,1,0,49,995
2,2,0,49,995
5,2,5,49,995
3,3,2,51,995
4,0,4,48,996
1,1,0,49,996
2,2,0,49,996
5,2,5,49,996
3,3,2,51,996
4,0,4,48,997
1,1,0,49,997
2,2,0,49,997
5,2,5,49,997
3,3,2,51,997
4,0,4,48,998
1,1,0,49,998
2,2,0,49,998
5,2,5,49,998
3,3,2,51,998
4,0,4,48,999
1,1,0,49,999
2,2,0,49,999
5,2,5,49,999
3,3,2,51,999
4,0,4,48,1000
1,1,0,49,1000
2,2,0,49,1000
5,2,5,49,1000
3,3,2,51,1000
1,1,0,49,1001
2,1,2,49,1001
3,3,1,51,1001
4,3,4,52,1001
5,3,5,48,1001
1,1,0,49,1002
2,1,2,49,1002
3,3,1,51,1002
4,3,4,52,1002
5,3,5,48,1002
1,1,0,49,1003
2,1,2,49,1003
3,3,1,51,1003
4,3,4,52,1003
5,3,5,48,1003
1,1,0,49,1004
2,1,2,49,1004
3,3,1,51,1004
4,3,4,52,1004
5,3,5,48,1004
1,1,0,49,1005
2,1,2,49,1005
3,3,1,51,1005
4,3,4,52,1005
5,3,5,48,1005
1,1,0,49,1006
2,1,2,49,1006
3,3,1,51,1006
4,3,4,52,1006
5,3,5,48,1006
1,1,0,49,1007
2,1,2,49,1007
3,3,1,51,1007
4,3,4,52,1007
5,3,5,48,1007
1,1,0,49,1008
2,1,2,49,1008
3,3,1,51,1008
4,3,4,52,1008
5,3,5,48,1008
1,1,0,49,1009
2,1,2,49,1009
3,3,1,51,1009
4,3,4,52,1009
5,3,5,48,1009
1,1,0,49,1010
2,1,2,49,1010
3,3,1,51,1010
4,3,4,52,1010
5,3,5,48,1010
1,1,0,52,1011
2,1,2,50,1011
4,1,4,50,1011
3,2,3,48,1011
5,5,2,50,1011
1,1,0,52,1012
2,1,2,50,1012
4,1,4,50,1012
3,2,3,48,1012
5,5,2,50,1012
1,1,0,52,1013
2,1,2,50,1013
4,1,4,50,1013
3,2,3,48,1013
5,5,2,50,1013
1,1,0,52,1014
2,1,2,50,1014
4,1,4,50,1014
3,2,3,48,1014
5,5,2,50,1014
1,1,0,52,1015
2,1,2,50,1015
4,1,4,50,1015
3,2,3,48,1015
5,5,2,50,1015
1,1,0,52,1016
2,1,2,50,1016
4,1,4,50,1016
3,2,3,48,1016
5,5,2,50,1016
1,1,0,52,1017
2,1,2,50,1017
4,1,4,50,1017
3,2,3,48,1017
5,5,2,50,1017
1,1,0,52,1018
2,1,2,50,1018
4,1,4,50,1018
3,2,3,48,1018
5,5,2,50,1018
1,1,0,52,1019
2,1,2,50,1019
4,1,4,50,1019
3,2,3,48,1019
5,5,2,50,1019
1,1,0,52,1020
2,1,2,50,1020
4,1,4,50,1020
3,2,3,48,1020
5,5,2,50,1020
1,1,0,52,1021
2,1,2,50,1021
4,1,4,50,1021
3,2,3,48,1021
5,5,2,50,1021
3,0,3,48,1022
1,1,0,49,1022
2,2,1,50,1022
4,4,1,50,1022
5,5,1,50,1022
3,0,3,48,1023
1,1,0,49,1023
2,2,1,50,1023
4,4,1,50,1023
5,5,1,50,1023
3,0,3,48,1024
1,1,0,49,1024
2,2,1,50,1024
4,4,1,50,1024
5,5,1,50,1024
3,0,3,48,1025
1,1,0,49,1025
2,2,1,50,1025
4,4,1,50,1025
5,5,1,50,1025
3,0,3,48,1026
1,1,0,49,1026
2,2,1,50,1026
4,4,1,50,1026
5,5,1,50,1026
3,0,3,48,1027
1,1,0,49,1027
2,2,1,50,1027
4,4,1,50,1027
5,5,1,50,1027
3,0,3,48,1028
1,1,0,49,1028
2,2,1,50,1028
4,4,1,50,1028
5,5,1,50,1028
3,0,3,48,1029
1,1,0,49,1029
2,2,1,50,1029
4,4,1,50,1029
5,5,1,50,1029
3,0,3,48,1030
1,1,0,49,1030
2,2,1,50,1030
4,4,1,50,1030
5,5,1,50,1030
1,1,0,49,1031
2,1,2,49,1031
3,3,1,50,1031
4,4,1,50,1031
5,5,1,50,1031
1,1,0,49,1032
2,1,2,49,1032
3,3,1,50,1032
4,4,1,50,1032
5,5,1,50,1032
1,1,0,49,1033
2,1,2,49,1033
3,3,1,50,1033
4,4,1,50,1033
5,5,1,50,1033
1,1,0,49,1034
2,1,2,49,1034
3,3,1,50,1034
4,4,1,50,1034
5,5,1,50,1034
1,1,0,49,1035
2,1,2,49,1035
3,3,1,50,1035
4,4,1,50,1035
5,5,1,50,1035
1,1,0,49,1036
2,1,2,49,1036
3,3,1,50,1036
4,4,1,50,1036
5,5,1,50,1036
1,1,0,49,1037
2,1,2,49,1037
3,3,1,50,1037
4,4,1,50,1037
5,5,1,50,1037
1,1,0,49,1038
2,1,2,49,1038
3,3,1,50,1038
4,4,1,50,1038
5,5,1,50,1038
1,1,0,49,1039
2,1,2,49,1039
3,3,1,50,1039
4,4,1,50,1039
5,5,1,50,1039
1,1,0,49,1040
2,1,2,49,1040
3,3,1,50,1040
4,4,1,50,1040
5,5,1,50,1040
1,1,0,51,1041
2,1,2,49,1041
4,1,4,52,1041
3,2,3,48,1041
5,5,2,49,1041
1,1,0,51,1042
2,1,2,49,1042
4,1,4,52,1042
3,2,3,48,1042
5,5,2,49,1042
1,1,0,51,1043
2,1,2,49,1043
4,1,4,52,1043
3,2,3,48,1043
5,5,2,49,1043
1,1,0,51,1044
2,1,2,49,1044
4,1,4,52,1044
3,2,3,48,1044
5,5,2,49,1044
1,1,0,51,1045
2,1,2,49,1045
4,1,4,52,1045
3,2,3,48,1045
5,5,2,49,1045
1,1,0,51,1046
2,1,2,49,1046
4,1,4,52,1046
3,2,3,48,1046
5,5,2,49,1046
1,1,0,51,1047
2,1,2,49,1047
4,1,4,52,1047
3,2,3,48,1047
5,5,2,49,1047
1,1,0,51,1048
2,1,2,49,1048
4,1,4,52,1048
3,2,3,48,1048
5,5,2,49,1048
1,1,0,51,1049
2,1,2,49,1049
4,1,4,52,1049
3,2,3,48,1049
5,5,2,49,1049
1,1,0,51,1050
2,1,2,49,1050
4,1,4,52,1050
3,2,3,48,1050
5,5,2,49,1050
1,1,0,49,1051
2,1,2,49,1051
3,3,1,51,1051
4,3,4,50,1051
5,3,5,48,1051
1,1,0,49,1052
2,1,2,49,1052
3,3,1,51,1052
4,3,4,50,1052
5,3,5,48,1052
1,1,0,49,1053
2,1,2,49,1053
3,3,1,51,1053
4,3,4,50,1053
5,3,5,48,1053
1,1,0,49,1054
2,1,2,49,1054
3,3,1,51,1054
4,3,4,50,1054
5,3,5,48,1054
1,1,0,49,1055
2,1,2,49,1055
3,3,1,51,1055
4,3,4,50,1055
5,3,5,48,1055
1,1,0,49,1056
2,1,2,49,1056
3,3,1,51,1056
4,3,4,50,1056
5,3,5,48,1056
1,1,0,49,1057
2,1,2,49,1057
3,3,1,51,1057
4,3,4,50,1057
5,3,5,48,1057
1,1,0,49,1058
2,1,2,49,1058
3,3,1,51,1058
4,3,4,50,1058
5,3,5,48,1058
1,1,0,49,1059
2,1,2,49,1059
3,3,1,51,1059
4,3,4,50,1059
5,3,5,48,1059
1,1,0,49,1060
2,1,2,49,1060
3,3,1,51,1060
4,3,4,50,1060
5,3,5,48,1060
1,1,0,49,1061
2,1,2,49,1061
3,3,1,51,1061
4,3,4,50,1061
5,3,5,48,1061
3,0,3,48,1062
1,1,0,49,1062
2,2,1,50,1062
4,4,1,50,1062
5,5,0,49,1062
3,0,3,48,1063
1,1,0,49,1063
2,2,1,50,1063
4,4,1,50,1063
5,5,0,49,1063
3,0,3,48,1064
1,1,0,49,1064
2,2,1,50,1064
4,4,1,50,1064
5,5,0,49,1064
3,0,3,48,1065
1,1,0,49,1065
2,2,1,50,1065
4,4,1,50,1065
5,5,0,49,1065
3,0,3,48,1066
1,1,0,49,1066
2,2,1,50,1066
4,4,1,50,1066
5,5,0,49,1066
3,0,3,48,1067
1,1,0,49,1067
2,2,1,50,1067
4,4,1,50,1067
5,5,0,49,1067
3,0,3,48,1068
1,1,0,49,1068
2,2,1,50,1068
4,4,1,50,1068
5,5,0,49,1068
3,0,3,48,1069
1,1,0,49,1069
2,2,1,50,1069
4,4,1,50,1069
5,5,0,49,1069
3,0,3,48,1070
1,1,0,49,1070
2,2,1,50,1070
4,4,1,50,1070
5,5,0,49,1070
3,0,3,48,1071
1,1,0,49,1071
2,2,1,50,1071
4,4,1,50,1071
5,5,0,49,1071
2,0,2,49,1072
5,0,5,51,1072
1,1,0,52,1072
4,2,4,48,1072
3,3,2,49,1072
2,0,2,49,1073
5,0,5,51,1073
1,1,0,52,1073
4,2,4,48,1073
3,3,2,49,1073
2,0,2,49,1074
5,0,5,51,1074
1,1,0,52,1074
4,2,4,48,1074
3,3,2,49,1074
2,0,2,49,1075
5,0,5,51,1075
1,1,0,52,1075
4,2,4,48,1075
3,3,2,49,1075
2,0,2,49,1076
5,0,5,51,1076
1,1,0,52,1076
4,2,4,48,1076
3,3,2,49,1076
2,0,2,49,1077
5,0,5,51,1077
1,1,0,52,1077
4,2,4,48,1077
3,3,2,49,1077
2,0,2,49,1078
5,0,5,51,1078
1,1,0,52,1078
4,2,4,48,1078
3,3,2,49,1078
2,0,2,49,1079
5,0,5,51,1079
1,1,0,52,1079
4,2,4,48,1079
3,3,2,49,1079
2,0,2,49,1080
5,0,5,51,1080
1,1,0,52,1080
4,2,4,48,1080
3,3,2,49,1080
2,0,2,49,1081
5,0,5,51,1081
1,1,0,52,1081
4,2,4,48,1081
3,3,2,49,1081
2,0,2,49,1082
5,0,5,51,1082
1,1,0,52,1082
4,2,4,48,1082
3,3,2,49,1082
4,0,4,48,1083
1,1,0,49,1083
5,1,5,48,1083
2,2,1,50,1083
3,3,0,49,1083
4,0,4,48,1084
1,1,0,49,1084
5,1,5,48,1084
2,2,1,50,1084
3,3,0,49,1084
4,0,4,48,1085
1,1,0,49,1085
5,1,5,48,1085
2,2,1,50,1085
3,3,0,49,1085
4,0,4,48,1086
1,1,0,49,1086
5,1,5,48,1086
2,2,1,50,1086
3,3,0,49,1086
4,0,4,48,1087
1,1,0,49,1087
5,1,5,48,1087
2,2,1,50,1087
3,3,0,49,1087
4,0,4,48,1088
1,1,0,49,1088
5,1,5,48,1088
2,2,1,50,1088
3,3,0,49,1088
4,0,4,48,1089
1,1,0,49,1089
5,1,5,48,1089
2,2,1,50,1089
3,3,0,49,1089
4,0,4,48,1090
1,1,0,49,1090
5,1,5,48,1090
2,2,1,50,1090
3,3,0,49,1090
4,0,4,48,1091
1,1,0,49,1091
5,1,5,48,1091
2,2,1,50,1091
3,3,0,49,1091
4,0,4,48,1092
1,1,0,49,1092
5,1,5,48,1092
2,2,1,50,1092
3,3,0,49,1092
1,1,0,51,1093
2,1,2,50,1093
4,1,4,50,1093
3,2,3,48,1093
5,5,2,50,1093
1,1,0,51,1094
2,1,2,50,1094
4,1,4,50,1094
3,2,3,48,1094
5,5,2,50,1094
1,1,0,51,1095
2,1,2,50,1095
4,1,4,50,1095
3,2,3,48,1095
5,5,2,50,1095
1,1,0,51,1096
2,1,2,50,1096
4,1,4,50,1096
3,2,3,48,1096
5,5,2,50,1096
1,1,0,51,1097
2,1,2,50,1097
4,1,4,50,1097
3,2,3,48,1097
5,5,2,50,1097
1,1,0,51,1098
2,1,2,50,1098
4,1,4,50,1098
3,2,3,48,1098
5,5,2,50,1098
1,1,0,51,1099
2,1,2,50,1099
4,1,4,50,1099
3,2,3,48,1099
5,5,2,50,1099
1,1,0,51,1100
2,1,2,50,1100
4,1,4,50,1100
3,2,3,48,1100
5,5,2,50,1100
1,1,0,51,1101
2,1,2,50,1101
4,1,4,50,1101
3,2,3,48,1101
5,5,2,50,1101
1,1,0,51,1102
2,1,2,50,1102
4,1,4,50,1102
3,2,3,48,1102
5,5,2,50,1102
1,1,0,51,1103
2,1,2,50,1103
4,1,4,50,1103
3,2,3,48,1103
5,5,2,50,1103
2,0,2,49,1104
1,1,0,52,1104
4,2,4,48,1104
3,3,2,49,1104
5,5,0,52,1104
2,0,2,49,1105
1,1,0,52,1105
4,2,4,48,1105
3,3,2,49,1105
5,5,0,52,1105
2,0,2,49,1106
1,1,0,52,1106
4,2,4,48,1106
3,3,2,49,1106
5,5,0,52,1106
2,0,2,49,1107
1,1,0,52,1107
4,2,4,48,1107
3,3,2,49,1107
5,5,0,52,1107
2,0,2,49,1108
1,1,0,52,1108
4,2,4,48,1108
3,3,2,49,1108
5,5,0,52,1108
2,0,2,49,1109
1,1,0,52,1109
4,2,4,48,1109
3,3,2,49,1109
5,5,0,52,1109
2,0,2,49,1110
1,1,0,52,1110
4,2,4,48,1110
3,3,2,49,1110
5,5,0,52,1110
2,0,2,49,1111
1,1,0,52,1111
4,2,4,48,1111
3,3,2,49,1111
5,5,0,52,1111
2,0,2,49,1112
1,1,0,52,1112
4,2,4,48,1112
3,3,2,49,1112
5,5,0,52,1112
2,0,2,49,1113
1,1,0,52,1113
4,2,4,48,1113
3,3,2,49,1113
5,5,0,52,1113
2,0,2,49,1114
1,1,0,52,1114
4,2,4,48,1114
3,3,2,49,1114
5,5,0,52,1114
2,0,2,49,1115
5,0,5,50,1115
1,1,0,52,1115
4,2,4,48,1115
3,3,2,49,1115
2,0,2,49,1116
5,0,5,50,1116
1,1,0,52,1116
4,2,4,48,1116
3,3,2,49,1116
2,0,2,49,1117
5,0,5,50,1117
1,1,0,52,1117
4,2,4,48,1117
3,3,2,49,1117
2,0,2,49,1118
5,0,5,50,1118
1,1,0,52,1118
4,2,4,48,1118
3,3,2,49,1118
2,0,2,49,1119
5,0,5,50,1119
1,1,0,52,1119
4,2,4,48,1119
3,3,2,49,1119
2,0,2,49,1120
5,0,5,50,1120
1,1,0,52,1120
4,2,4,48,1120
3,3,2,49,1120
2,0,2,49,1121
5,0,5,50,1121
1,1,0,52,1121
4,2,4,48,1121
3,3,2,49,1121
2,0,2,49,1122
5,0,5,50,1122
1,1,0,52,1122
4,2,4,48,1122
3,3,2,49,1122
2,0,2,49,1123
5,0,5,50,1123
1,1,0,52,1123
4,2,4,48,1123
3,3,2,49,1123
2,0,2,49,1124
5,0,5,50,1124
1,1,0,52,1124
4,2,4,48,1124
3,3,2,49,1124
2,0,2,49,1125
5,0,5,50,1125
1,1,0,52,1125
4,2,4,48,1125
3,3,2,49,1125
1,1,0,49,1126
2,2,1,50,1126
3,2,3,52,1126
4,2,4,51,1126
5,5,1,50,1126
1,1,0,49,1127
2,2,1,50,1127
3,2,3,52,1127
4,2,4,51,1127
5,5,1,50,1127
1,1,0,49,1128
2,2,1,50,1128
3,2,3,52,1128
4,2,4,51,1128
5,5,1,50,1128
1,1,0,49,1129
2,2,1,50,1129
3,2,3,52,1129
4,2,4,51,1129
5,5,1,50,1129
1,1,0,49,1130
2,2,1,50,1130
3,2,3,52,1130
4,2,4,51,1130
5,5,1,50,1130
1,1,0,49,1131
2,2,1,50,1131
3,2,3,52,1131
4,2,4,51,1131
5,5,1,50,1131
1,1,0,49,1132
2,2,1,50,1132
3,2,3,52,1132
4,2,4,51,1132
5,5,1,50,1132
1,1,0,49,1133
2,2,1,50,1133
3,2,3,52,1133
4,2,4,51,1133
5,5,1,50,1133
1,1,0,49,1134
2,2,1,50,1134
3,2,3,52,1134
4,2,4,51,1134
5,5,1,50,1134
1,1,0,49,1135
2,2,1,50,1135
3,2,3,52,1135
4,2,4,51,1135
5,5,1,50,1135
1,1,0,49,1136
2,2,1,50,1136
3,2,3,52,1136
4,2,4,51,1136
5,5,1,50,1136
1,1,0,49,1137
2,1,2,50,1137
4,2,4,48,1137
5,2,5,49,1137
3,3,1,51,1137
1,1,0,49,1138
2,1,2,50,1138
4,2,4,48,1138
5,2,5,49,1138
3,3,1,51,1138
1,1,0,49,1139
2,1,2,50,1139
4,2,4,48,1139
5,2,5,49,1139
3,3,1,51,1139
1,1,0,49,1140
2,1,2,50,1140
4,2,4,48,1140
5,2,5,49,1140
3,3,1,51,1140
1,1,0,49,1141
2,1,2,50,1141
4,2,4,48,1141
5,2,5,49,1141
3,3,1,51,1141
1,1,0,49,1142
2,1,2,50,1142
4,2,4,48,1142
5,2,5,49,1142
3,3,1,51,1142
1,1,0,49,1143
2,1,2,50,1143
4,2,4,48,1143
5,2,5,49,1143
3,3,1,51,1143
1,1,0,49,1144
2,1,2,50,1144
4,2,4,48,1144
5,2,5,49,1144
3,3,1,51,1144
1,1,0,49,1145
2,1,2,50,1145
4,2,4,48,1145
5,2,5,49,1145
3,3,1,51,1145
1,1,0,49,1146
2,1,2,50,1146
4,2,4,48,1146
5,2,5,49,1146
3,3,1,51,1146
1,1,0,49,1147
2,1,2,50,1147
4,2,4,48,1147
5,2,5,49,1147
3,3,1,51,1147
1,1,0,48,1148
2,2,0,48,1148
3,3,2,49,1148
4,4,2,49,1148
5,5,0,48,1148
1,1,0,48,1149
2,2,0,48,1149
3,3,2,49,1149
4,4,2,49,1149
5,5,0,48,1149
1,1,0,48,1150
2,2,0,48,1150
3,3,2,49,1150
4,4,2,49,1150
5,5,0,48,1150
1,1,0,48,1151
2,2,0,48,1151
3,3,2,49,1151
4,4,2,49,1151
5,5,0,48,1151
1,1,0,48,1152
2,2,0,48,1152
3,3,2,49,1152
4,4,2,49,1152
5,5,0,48,1152
1,1,0,48,1153
2,2,0,48,1153
3,3,2,49,1153
4,4,2,49,1153
5,5,0,48,1153
1,1,0,48,1154
2,2,0,48,1154
3,3,2,49,1154
4,4,2,49,1154
5,5,0,48,1154
1,1,0,48,1155
2,2,0,48,1155
3,3,2,49,1155
4,4,2,49,1155
5,5,0,48,1155
1,1,0,48,1156
2,2,0,48,1156
3,3,2,49,1156
4,4,2,49,1156
5,5,0,48,1156
1,1,0,48,1157
2,2,0,48,1157
3,3,2,49,1157
4,4,2,49,1157
5,5,0,48,1157
4,0,4,48,1158
1,1,0,49,1158
2,2,0,49,1158
5,2,5,50,1158
3,3,2,51,1158
4,0,4,48,1159
1,1,0,49,1159
2,2,0,49,1159
5,2,5,50,1159
3,3,2,51,1159
4,0,4,48,1160
1,1,0,49,1160
2,2,0,49,1160
5,2,5,50,1160
3,3,2,51,1160
4,0,4,48,1161
1,1,0,49,1161
2,2,0,49,1161
5,2,5,50,1161
3,3,2,51,1161
4,0,4,48,1162
1,1,0,49,1162
2,2,0,49,1162
5,2,5,50,1162
3,3,2,51,1162
4,0,4,48,1163
1,1,0,49,1163
2,2,0,49,1163
5,2,5,50,1163
3,3,2,51,1163
4,0,4,48,1164
1,1,0,49,1164
2,2,0,49,1164
5,2,5,50,1164
3,3,2,51,1164
4,0,4,48,1165
1,1,0,49,1165
2,2,0,49,1165
5,2,5,50,1165
3,3,2,51,1165
4,0,4,48,1166
1,1,0,49,1166
2,2,0,49,1166
5,2,5,50,1166
3,3,2,51,1166
4,0,4,48,1167
1,1,0,49,1167
2,2,0,49,1167
5,2,5,50,1167
3,3,2,51,1167
4,0,4,48,1168
1,1,0,49,1168
2,2,0,49,1168
5,2,5,50,1168
3,3,2,51,1168
4,0,4,48,1169
1,1,0,49,1169
2,2,0,49,1169
5,2,5,50,1169
3,3,2,51,1169
4,0,4,48,1170
1,1,0,49,1170
2,2,0,49,1170
5,2,5,48,1170
3,3,2,51,1170
4,0,4,48,1171
1,1,0,49,1171
2,2,0,49,1171
5,2,5,48,1171
3,3,2,51,1171
4,0,4,48,1172
1,1,0,49,1172
2,2,0,49,1172
5,2,5,48,1172
3,3,2,51,1172
4,0,4,48,1173
1,1,0,49,1173
2,2,0,49,1173
5,2,5,48,1173
3,3,2,51,1173
4,0,4,48,1174
1,1,0,49,1174
2,2,0,49,1174
5,2,5,48,1174
3,3,2,51,1174
4,0,4,48,1175
1,1,0,49,1175
2,2,0,49,1175
5,2,5,48,1175
3,3,2,51,1175
4,0,4,48,1176
1,1,0,49,1176
2,2,0,49,1176
5,2,5,48,1176
3,3,2,51,1176
4,0,4,48,1177
1,1,0,49,1177
2,2,0,49,1177
5,2,5,48,1177
3,3,2,51,1177
4,0,4,48,1178
1,1,0,49,1178
2,2,0,49,1178
5,2,5,48,1178
3,3,2,51,1178
4,0,4,48,1179
1,1,0,49,1179
2,2,0,49,1179
5,2,5,48,1179
3,3,2,51,1179
4,0,4,48,1180
1,1,0,49,1180
2,2,0,49,1180
5,2,5,48,1180
3,3,2,51,1180
5,0,5,48,1181
1,1,0,49,1181
2,2,0,49,1181
3,3,2,51,1181
4,4,2,51,1181
5,0,5,48,1182
1,1,0,49,1182
2,2,0,49,1182
3,3,2,51,1182
4,4,2,51,1182
5,0,5,48,1183
1,1,0,49,1183
2,2,0,49,1183
3,3,2,51,1183
4,4,2,51,1183
5,0,5,48,1184
1,1,0,49,1184
2,2,0,49,1184
3,3,2,51,1184
4,4,2,51,1184
5,0,5,48,1185
1,1,0,49,1185
2,2,0,49,1185
3,3,2,51,1185
4,4,2,51,1185
5,0,5,48,1186
1,1,0,49,1186
2,2,0,49,1186
3,3,2,51,1186
4,4,2,51,1186
5,0,5,48,1187
1,1,0,49,1187
2,2,0,49,1187
3,3,2,51,1187
4,4,2,51,1187
5,0,5,48,1188
1,1,0,49,1188
2,2,0,49,1188
3,3,2,51,1188
4,4,2,51,1188
5,0,5,48,1189
1,1,0,49,1189
2,2,0,49,1189
3,3,2,51,1189
4,4,2,51,1189
5,0,5,48,1190
1,1,0,49,1190
2,2,0,49,1190
3,3,2,51,1190
4,4,2,51,1190
5,0,5,48,1191
1,1,0,49,1191
2,2,0,49,1191
3,3,2,51,1191
4,4,2,51,1191
5,0,5,48,1192
1,1,0,49,1192
2,2,0,49,1192
3,3,2,51,1192
4,4,2,51,1192
1,1,0,51,1193
2,1,2,50,1193
4,1,4,52,1193
3,2,3,48,1193
5,5,2,50,1193
1,1,0,51,1194
2,1,2,50,1194
4,1,4,52,1194
3,2,3,48,1194
5,5,2,50,1194
1,1,0,51,1195
2,1,2,50,1195
4,1,4,52,1195
3,2,3,48,1195
5,5,2,50,1195
1,1,0,51,1196
2,1,2,50,1196
4,1,4,52,1196
3,2,3,48,1196
5,5,2,50,1196
1,1,0,51,1197
2,1,2,50,1197
4,1,4,52,1197
3,2,3,48,1197
5,5,2,50,1197
1,1,0,51,1198
2,1,2,50,1198
4,1,4,52,1198
3,2,3,48,1198
5,5,2,50,1198
1,1,0,51,1199
2,1,2,50,1199
4,1,4,52,1199
3,2,3,48,1199
5,5,2,50,1199
1,1,0,51,1200
2,1,2,50,1200
4,1,4,52,1200
3,2,3,48,1200
5,5,2,50,1200
1,1,0,51,1201
2,1,2,50,1201
4,1,4,52,1201
3,2,3,48,1201
5,5,2,50,1201
1,1,0,51,1202
2,1,2,50,1202
4,1,4,52,1202
3,2,3,48,1202
5,5,2,50,1202
1,1,0,51,1203
2,1,2,50,1203
4,1,4,52,1203
3,2,3,48,1203
5,5,2,50,1203
1,1,0,49,1204
2,1,2,50,1204
3,3,1,51,1204
4,3,4,49,1204
5,3,5,48,1204
1,1,0,49,1205
2,1,2,50,1205
3,3,1,51,1205
4,3,4,49,1205
5,3,5,48,1205
1,1,0,49,1206
2,1,2,50,1206
3,3,1,51,1206
4,3,4,49,1206
5,3,5,48,1206
1,1,0,49,1207
2,1,2,50,1207
3,3,1,51,1207
4,3,4,49,1207
5,3,5,48,1207
1,1,0,49,1208
2,1,2,50,1208
3,3,1,51,1208
4,3,4,49,1208
5,3,5,48,1208
1,1,0,49,1209
2,1,2,50,1209
3,3,1,51,1209
4,3,4,49,1209
5,3,5,48,1209
1,1,0,49,1210
2,1,2,50,1210
3,3,1,51,1210
4,3,4,49,1210
5,3,5,48,1210
1,1,0,49,1211
2,1,2,50,1211
3,3,1,51,1211
4,3,4,49,1211
5,3,5,48,1211
1,1,0,49,1212
2,1,2,50,1212
3,3,1,51,1212
4,3,4,49,1212
5,3,5,48,1212
1,1,0,49,1213
2,1,2,50,1213
3,3,1,51,1213
4,3,4,49,1213
5,3,5,48,1213
1,1,0,49,1214
2,1,2,50,1214
3,3,1,51,1214
4,3,4,49,1214
5,3,5,48,1214
1,1,0,49,1215
4,1,4,48,1215
2,2,1,50,1215
3,2,3,51,1215
5,2,5,49,1215
1,1,0,49,1216
4,1,4,48,1216
2,2,1,50,1216
3,2,3,51,1216
5,2,5,49,1216
1,1,0,49,1217
4,1,4,48,1217
2,2,1,50,1217
3,2,3,51,1217
5,2,5,49,1217
1,1,0,49,1218
4,1,4,48,1218
2,2,1,50,1218
3,2,3,51,1218
5,2,5,49,1218
1,1,0,49,1219
4,1,4,48,1219
2,2,1,50,1219
3,2,3,51,1219
5,2,5,49,1219
1,1,0,49,1220
4,1,4,48,1220
2,2,1,50,1220
3,2,3,51,1220
5,2,5,49,1220
1,1,0,49,1221
4,1,4,48,1221
2,2,1,50,1221
3,2,3,51,1221
5,2,5,49,1221
1,1,0,49,1222
4,1,4,48,1222
2,2,1,50,1222
3,2,3,51,1222
5,2,5,49,1222
1,1,0,49,1223
4,1,4,48,1223
2,2,1,50,1223
3,2,3,51,1223
5,2,5,49,1223
1,1,0,49,1224
4,1,4,48,1224
2,2,1,50,1224
3,2,3,51,1224
5,2,5,49,1224
1,1,0,49,1225
4,1,4,48,1225
2,2,1,50,1225
3,2,3,51,1225
5,2,5,49,1225
1,1,0,49,1226
4,1,4,48,1226
2,2,1,50,1226
3,2,3,51,1226
5,2,5,49,1226
1,1,0,49,1227
4,1,4,48,1227
2,2,1,50,1227
3,2,3,51,1227
5,2,5,49,1227
1,1,0,49,1228
4,1,4,48,1228
2,2,1,50,1228
3,2,3,51,1228
5,2,5,49,1228
1,1,0,49,1229
4,1,4,48,1229
2,2,1,50,1229
3,2,3,51,1229
5,2,5,49,1229
1,1,0,49,1230
4,1,4,48,1230
2,2,1,50,1230
3,2,3,51,1230
5,2,5,49,1230
1,1,0,49,1231
2,1,2,50,1231
4,2,4,48,1231
3,3,1,51,1231
5,5,2,50,1231
1,1,0,49,1232
2,1,2,50,1232
4,2,4,48,1232
3,3,1,51,1232
5,5,2,50,1232
1,1,0,49,1233
2,1,2,50,1233
4,2,4,48,1233
3,3,1,51,1233
5,5,2,50,1233
1,1,0,49,1234
2,1,2,50,1234
4,2,4,48,1234
3,3,1,51,1234
5,5,2,50,1234
1,1,0,49,1235
2,1,2,50,1235
4,2,4,48,1235
3,3,1,51,1235
5,5,2,50,1235
1,1,0,49,1236
2,1,2,50,1236
4,2,4,48,1236
3,3,1,51,1236
5,5,2,50,1236
1,1,0,49,1237
2,1,2,50,1237
4,2,4,48,1237
3,3,1,51,1237
5,5,2,50,1237
1,1,0,49,1238
2,1,2,50,1238
4,2,4,48,1238
3,3,1,51,1238
5,5,2,50,1238
1,1,0,49,1239
2,1,2,50,1239
4,2,4,48,1239
3,3,1,51,1239
5,5,2,50,1239
1,1,0,49,1240
2,1,2,50,1240
4,2,4,48,1240
3,3,1,51,1240
5,5,2,50,1240
1,1,0,49,1241
2,1,2,50,1241
4,2,4,48,1241
3,3,1,51,1241
5,5,2,50,1241
1,1,0,49,1242
2,2,1,50,1242
3,3,0,49,1242
4,4,1,50,1242
5,5,0,49,1242
1,1,0,49,1243
2,2,1,50,1243
3,3,0,49,1243
4,4,1,50,1243
5,5,0,49,1243
1,1,0,49,1244
2,2,1,50,1244
3,3,0,49,1244
4,4,1,50,1244
5,5,0,49,1244
1,1,0,49,1245
2,2,1,50,1245
3,3,0,49,1245
4,4,1,50,1245
5,5,0,49,1245
1,1,0,49,1246
2,2,1,50,1246
3,3,0,49,1246
4,4,1,50,1246
5,5,0,49,1246
1,1,0,49,1247
2,2,1,50,1247
3,3,0,49,1247
4,4,1,50,1247
5,5,0,49,1247
1,1,0,49,1248
2,2,1,50,1248
3,3,0,49,1248
4,4,1,50,1248
5,5,0,49,1248
1,1,0,49,1249
2,2,1,50,1249
3,3,0,49,1249
4,4,1,50,1249
5,5,0,49,1249
1,1,0,49,1250
2,2,1,50,1250
3,3,0,49,1250
4,4,1,50,1250
5,5,0,49,1250
1,1,0,49,1251
2,2,1,50,1251
3,3,0,49,1251
4,4,1,50,1251
5,5,0,49,1251
1,1,0,49,1252
2,2,1,50,1252
3,3,0,49,1252
4,4,1,50,1252
5,5,0,49,1252
1,1,0,49,1253
5,1,5,48,1253
2,2,1,50,1253
3,2,3,52,1253
4,2,4,51,1253
1,1,0,49,1254
5,1,5,48,1254
2,2,1,50,1254
3,2,3,52,1254
4,2,4,51,1254
1,1,0,49,1255
5,1,5,48,1255
2,2,1,50,1255
3,2,3,52,1255
4,2,4,51,1255
1,1,0,49,1256
5,1,5,48,1256
2,2,1,50,1256
3,2,3,52,1256
4,2,4,51,1256
1,1,0,49,1257
5,1,5,48,1257
2,2,1,50,1257
3,2,3,52,1257
4,2,4,51,1257
1,1,0,49,1258
5,1,5,48,1258
2,2,1,50,1258
3,2,3,52,1258
4,2,4,51,1258
1,1,0,49,1259
5,1,5,48,1259
2,2,1,50,1259
3,2,3,52,1259
4,2,4,51,1259
1,1,0,49,1260
5,1,5,48,1260
2,2,1,50,1260
3,2,3,52,1260
4,2,4,51,1260
1,1,0,49,1261
5,1,5,48,1261
2,2,1,50,1261
3,2,3,52,1261
4,2,4,51,1261
1,1,0,49,1262
5,1,5,48,1262
2,2,1,50,1262
3,2,3,52,1262
4,2,4,51,1262
1,1,0,49,1263
5,1,5,48,1263
2,2,1,50,1263
3,2,3,52,1263
4,2,4,51,1263
1,1,0,49,1264
5,1,5,48,1264
2,2,1,50,1264
3,2,3,52,1264
4,2,4,51,1264
1,1,0,49,1265
5,1,5,48,1265
2,2,1,50,1265
3,2,3,52,1265
4,2,4,51,1265
1,1,0,49,1266
5,1,5,48,1266
2,2,1,50,1266
3,2,3,52,1266
4,2,4,51,1266
1,1,0,49,1267
5,1,5,48,1267
2,2,1,50,1267
3,2,3,52,1267
4,2,4,51,1267
1,1,0,49,1268
5,1,5,48,1268
2,2,1,50,1268
3,2,3,52,1268
4,2,4,51,1268
1,1,0,49,1269
5,1,5,48,1269
2,2,1,50,1269
3,2,3,52,1269
4,2,4,51,1269
1,1,0,49,1270
5,1,5,48,1270
2,2,1,50,1270
3,2,3,52,1270
4,2,4,51,1270
1,1,0,49,1271
5,1,5,48,1271
2,2,1,50,1271
3,2,3,52,1271
4,2,4,51,1271
1,1,0,49,1272
5,1,5,48,1272
2,2,1,50,1272
3,2,3,52,1272
4,2,4,51,1272
1,1,0,49,1273
2,2,1,50,1273
3,3,0,49,1273
4,4,1,50,1273
5,5,1,50,1273
1,1,0,49,1274
2,2,1,50,1274
3,3,0,49,1274
4,4,1,50,1274
5,5,1,50,1274
1,1,0,49,1275
2,2,1,50,1275
3,3,0,49,1275
4,4,1,50,1275
5,5,1,50,1275
1,1,0,49,1276
2,2,1,50,1276
3,3,0,49,1276
4,4,1,50,1276
5,5,1,50,1276
1,1,0,49,1277
2,2,1,50,1277
3,3,0,49,1277
4,4,1,50,1277
5,5,1,50,1277
1,1,0,49,1278
2,2,1,50,1278
3,3,0,49,1278
4,4,1,50,1278
5,5,1,50,1278
1,1,0,49,1279
2,2,1,50,1279
3,3,0,49,1279
4,4,1,50,1279
5,5,1,50,1279
1,1,0,49,1280
2,2,1,50,1280
3,3,0,49,1280
4,4,1,50,1280
5,5,1,50,1280
1,1,0,49,1281
2,2,1,50,1281
3,3,0,49,1281
4,4,1,50,1281
5,5,1,50,1281
1,1,0,49,1282
2,2,1,50,1282
3,3,0,49,1282
4,4,1,50,1282
5,5,1,50,1282
1,1,0,49,1283
2,2,1,50,1283
3,3,0,49,1283
4,4,1,50,1283
5,5,1,50,1283
1,1,0,49,1284
2,2,0,49,1284
3,3,2,51,1284
4,4,2,51,1284
5,5,0,49,1284
1,1,0,49,1285
2,2,0,49,1285
3,3,2,51,1285
4,4,2,51,1285
5,5,0,49,1285
1,1,0,49,1286
2,2,0,49,1286
3,3,2,51,1286
4,4,2,51,1286
5,5,0,49,1286
1,1,0,49,1287
2,2,0,49,1287
3,3,2,51,1287
4,4,2,51,1287
5,5,0,49,1287
1,1,0,49,1288
2,2,0,49,1288
3,3,2,51,1288
4,4,2,51,1288
5,5,0,49,1288
1,1,0,49,1289
2,2,0,49,1289
3,3,2,51,1289
4,4,2,51,1289
5,5,0,49,1289
1,1,0,49,1290
2,2,0,49,1290
3,3,2,51,1290
4,4,2,51,1290
5,5,0,49,1290
1,1,0,49,1291
2,2,0,49,1291
3,3,2,51,1291
4,4,2,51,1291
5,5,0,49,1291
1,1,0,49,1292
2,2,0,49,1292
3,3,2,51,1292
4,4,2,51,1292
5,5,0,49,1292
1,1,0,49,1293
2,2,0,49,1293
3,3,2,51,1293
4,4,2,51,1293
5,5,0,49,1293
1,1,0,49,1294
2,2,0,49,1294
3,3,2,51,1294
4,4,2,51,1294
5,5,0,49,1294
